oracle_calls,scaffold,smiles,reward,penalized_reward,MBH_catalyst_score_raw_values,MBH_catalyst_score_reward,mw_raw_values,mw_reward
15,c1ccc(OCCN[C@@H]2CC[NH2+]C2)cc1,c1c(OCCN[C@H]2C[NH2+]CC2)ccc(F)c1,0.10533608,0.10533607751131058,0.0,0.011095689,225.28699999999998,1.0
15,O=C(NCCn1cc[nH+]c1)C(=O)Nc1ccnc(OC2CCCC2)c1,c1c(NC(C(N[C@@H](C)Cn2c[nH+]cc2)=O)=O)cc(OC2CCCC2)nc1,0.10533608,0.10533607751131058,0.0,0.011095689,358.4220000000002,1.0
15,O=C(c1c[nH]cn1)N1CCC[C@H]2CCCC[C@H]21,n1(C)cc(C(N2[C@@H](C([O-])=O)CC[C@H]3CCCC[C@@H]23)=O)nc1,0.10533608,0.10533607751131058,0.0,0.011095689,290.34299999999996,1.0
15,O=S(=O)(NC1CCCC1)c1ccccc1,c1c(C(=O)[O-])ccc(S(N[C@@H]2CCCC2(C)C)(=O)=O)c1,0.10533608,0.10533607751131058,0.0,0.011095689,296.368,1.0
15,O=C(CSC1=[NH+]CCN1)Nc1ccccc1,c1cc(F)cc(NC(CSC2=[NH+]CCN2)=O)c1,0.10533608,0.10533607751131058,0.0,0.011095689,254.30999999999997,1.0
15,O=S(=O)([N-]c1ncn[nH]1)c1ccccc1,c1cc(OC)cc(Br)c1S([N-]c1ncnn1C)(=O)=O,0.10533608,0.10533607751131058,0.0,0.011095689,346.1860000000001,1.0
15,O=C(NCC1CCN(c2cc[nH+]cc2)CC1)N1CCOCC1,c1c(N2CCC(CNC(=O)N3CCOC(C)(C)C3)CC2)cc[nH+]c1,0.10533608,0.10533607751131058,0.0,0.011095689,333.456,1.0
15,C1CCOCC1,C(=O)([C@@H]([C@H](O)[C@@H]1OCC[C@@H](C)C1)CC)[O-],0.10533608,0.10533607751131058,0.0,0.011095689,215.26899999999995,1.0
15,O=C(NCc1nc2ccccc2[n-]1)c1cnn(-c2cccnc2)c1,c1([C@@H](NC(=O)c2cnn(-c3cnccc3)c2C)C)[n-]c2c(cccc2)n1,0.10533608,0.10533607751131058,0.0,0.011095689,345.3860000000001,1.0
15,C(N[C@@H]1CCOc2ccccc21)=[NH+]Cc1cccc(-c2cccs2)c1,c1cc([N+](=O)[O-])c(-c2cccs2)cc1C/[NH+]=C(/N)N[C@@H]1CCOc2ccccc21,0.00044650183,0.00044650182826444507,0.0,0.011095689,409.49100000000016,1.7967688e-05
15,O=C(Nc1ccccc1)C(=O)Nc1cccnc1,O=C(C(Nc1cccnc1C)=O)Nc1ccc(Br)cc1C(F)(F)F,0.029034778,0.029034778475761414,0.0,0.011095689,402.17,0.0759771
15,O=C(NCCC[NH+]1CCCCC1)C1=NN=C(c2cccs2)C1,c1(Cl)ccc(C2=NN=C(C(NCCC[NH+]3CCC(C)CC3)=O)C2)s1,0.10533608,0.10533607751131058,0.0,0.011095689,367.92600000000016,1.0
15,c1ccc2cnccc2c1,O=C(c1c2ccccc2c(SC)nc1)[O-],0.10533608,0.10533607751131058,0.0,0.011095689,218.25699999999998,1.0
15,O=C(NCCc1ccsc1)N1CCOCC1,C1N(C(=O)NC[C@H](c2cscc2)[NH+](C)C)CCO[C@@H]1C,0.10533608,0.10533607751131058,0.0,0.011095689,298.432,1.0
15,c1cncc(-c2ccc(C[NH+]3CCCCC3)s2)c1,c1ccc(-c2ccc(C[NH+]3CCC[C@@H](NC(=O)C)C3)s2)cn1,0.10533608,0.10533607751131058,0.0,0.011095689,316.45,1.0
30,O=C(Nc1cn[nH]c1)C(=O)N[C@H]1CCOc2ccccc21,C([C@H](n1ncc(NC(C(N[C@H]2CCOc3ccccc32)=O)=O)c1)C)#N,0.10533608,0.10533607751131058,0.0,0.011095689,339.3550000000001,1.0
30,O=C(C[NH+]1CCSCC1)Nc1ccc(-c2cccnc2)cc1,CC1(C)C[NH+](CC(Nc2ccc(-c3cnccc3)cc2)=O)CCS1,0.10533608,0.10533607751131058,0.0,0.011095689,342.4880000000001,1.0
30,O=C(NCCn1cc[nH+]c1)C(=O)Nc1ccccc1,c1(Cl)ccc(F)c(NC(C(N[C@@H](C)Cn2c[nH+]cc2)=O)=O)c1,0.10533608,0.10533607751131058,0.0,0.011095689,325.7510000000001,1.0
30,O=C1N[C@H](CN2CC[NH2+]CC2)C(=O)N1C1CC1,O=C1N[C@H](CN2CC[NH2+]CC2)C(=O)N1C1CC1,0.10533608,0.10533607751131058,0.0,0.011095689,239.29899999999998,1.0
30,O=C(Nc1ccccc1)[C@H]1C=C(c2cccnc2)N=N1,c1ccc(OC)c(NC(=O)[C@@H]2N=NC(c3cccnc3)=C2)c1Cl,0.10533608,0.10533607751131058,0.0,0.011095689,328.759,1.0
30,O=C(C[NH+]1CCCNCC1)NCc1ccccc1,C1N(C(=O)C)CCC[NH+](CC(=O)N[C@H](c2ccc(OC)cc2)C)C1,0.10533608,0.10533607751131058,0.0,0.011095689,334.4400000000001,1.0
30,O=C(NCc1nnc[nH]1)NC[C@@H]1C[NH+]2CCN1CC2,O=C(N[C@H](c1nncn1C)C)NC[C@H]1N2CC[NH+](CC2)C1,0.10533608,0.10533607751131058,0.0,0.011095689,294.38300000000015,1.0
30,O=S(=O)([N-]c1cccnc1)c1ccccc1,[O-]C(c1ccc(S([N-]c2cccnc2C)(=O)=O)cc1)=O,0.10533608,0.10533607751131058,0.0,0.011095689,290.3,1.0
30,O=C(COc1ccccc1)Nc1ccccc1-n1ccnc1,c1ccccc1OCC(=O)Nc1c(-n2cncc2)cccc1,0.10533608,0.10533607751131058,0.0,0.011095689,293.326,1.0
30,C1=Nc2ccccc2[C@H](c2ccncn2)C1,N1=C(O)C[C@@H](c2nc(C)nc(Cl)c2)c2c1cccc2,0.10533608,0.10533607751131058,0.0,0.011095689,273.723,1.0
30,c1ncn(C2CC2)c1C[NH2+]C1CCNCC1,C1CC([NH2+]Cc2cncn2C2CC2)CCN1C(=O)C,0.10533608,0.10533607751131058,0.0,0.011095689,263.36499999999995,1.0
30,c1ccc(-n2ccnc2)nc1,c1(-n2c(SC)ncc2)nccc(C(=O)[O-])c1,0.10533608,0.10533607751131058,0.0,0.011095689,234.26,1.0
30,c1ccc(C[NH2+]CC2CCN(c3cc[nH+]cc3)CC2)cc1,N1(c2cc[nH+]cc2)CCC(C[NH2+][C@@H](C)c2cccc(F)c2)CC1,0.10533608,0.10533607751131058,0.0,0.011095689,315.4360000000001,1.0
30,C1=[NH+]CCN1,CC(C)(C)C1=[NH+]CCN1,0.10533608,0.10533607751131058,0.0,0.011095689,127.211,1.0
30,C(=[NH+]CC1=NN=C(c2cccnc2)C1)SCc1ccccc1,C(/[NH+]=C(\N)SCc1cc(Br)ccc1)C1=NN=C(c2cnccc2)C1,0.015334712,0.015334712341427803,0.0,0.011095689,403.3290000000001,0.021193221
42,c1ccc(CN2CCSCC2)cc1,C1CSCCN1[C@@H](C(=O)[O-])c1ccccc1F,0.10533608,0.10533607751131058,0.0,0.011095689,254.30599999999998,1.0
42,O=C(Nc1ccccc1)C1=NN[C@@H]1c1ccccc1,N1[C@H](c2ccccc2C)C(C(=O)Nc2ccccc2)=N1,0.10533608,0.10533607751131058,0.0,0.011095689,265.316,1.0
42,O=C(NCC[C@@H]1CCCCS1)N1CCOCC1,C1CS[C@H]([C@@H]([NH+](C)C)CNC(N2CCOC(C)(C)C2)=O)CC1,0.10533608,0.10533607751131058,0.0,0.011095689,330.5180000000001,1.0
42,O=C(C[NH2+]Cc1cccnc1)N1CCOCC1,C1COC(C)(C)CN1C(C[NH+](C)[C@@H](C)c1cnccc1)=O,0.10533608,0.10533607751131058,0.0,0.011095689,292.403,1.0
42,c1ccc(CNC[C@H]2CC[NH2+]C2)cc1,C(N(Cc1ccc(Br)cc1)S(C)(=O)=O)[C@@H]1C[NH2+]CC1,0.10533608,0.10533607751131058,0.0,0.011095689,348.2860000000002,1.0
42,O=C(c1ccc(-c2cccnc2)cc1)N1CCNC[C@@]12CCCCC2=O,C1[C@H](C)CC[C@@]2(CN(C(C[NH+](C)C)=O)CCN2C(c2ccc(-c3cnccc3)cc2)=O)C1=O,0.0,0.0,0.0,0.011095689,449.57500000000016,0.0
42,c1cc(N2CCC(CN[C@@H]3CC[NH2+]C3)CC2)ncn1,C1[NH2+]CC[C@H]1NCC1CCN(c3ccncn3)CC1,0.10533608,0.10533607751131058,0.0,0.011095689,262.38100000000003,1.0
42,O=C(CNC(=O)N[C@H]1CC[NH2+]C1)NCc1cccs1,CN(CC(N[C@@H](C)c1cccs1)=O)C(=O)N[C@H]1CC[NH2+]C1,0.10533608,0.10533607751131058,0.0,0.011095689,311.43100000000015,1.0
42,O=C(COc1ccccc1)NCc1ccccc1,c1c(C)ccc(C)c1OCC(=O)N[C@H](c1ccc(F)cc1)C,0.10533608,0.10533607751131058,0.0,0.011095689,301.36100000000005,1.0
42,O=C(c1cn[nH]c1)N1CCCCC1,C1C(C)(C)[C@H]([NH3+])CCN1C(c1cnn(C)c1)=O,0.10533608,0.10533607751131058,0.0,0.011095689,237.327,1.0
42,O=C(NC1CC[NH2+]CC1)c1cccnc1,F[C@H]1C[C@H](NC(c2cccnc2Cl)=O)CC[NH2+]1,0.10533608,0.10533607751131058,0.0,0.011095689,258.70399999999995,1.0
42,C1C[C@H]2CNCC[NH+]2C1,C1CC[NH+]2C[C@H](C(=O)[O-])N([C@H](C)C(=O)N)C[C@H]12,0.10533608,0.10533607751131058,0.0,0.011095689,241.29099999999997,1.0
55,c1ccc(NC[C@H]2C[NH2+]CCN2)cc1,N(C[C@H]1C[NH2+]CCN1)c1c(F)cc(F)cc1,0.10533608,0.10533607751131058,0.0,0.011095689,228.266,1.0
55,O=S(=O)(Nc1ccc(-c2ccccn2)cc1)c1ccccc1,n1c(-c2ccc(NS(=O)(=O)c3ccc(C([O-])=O)cc3)cc2)cccc1,0.10533608,0.10533607751131058,0.0,0.011095689,353.379,1.0
55,c1ccccc1,CC(c1ccc(C(=O)[O-])cc1)(C)SC[C@@H](O)C,0.10533608,0.10533607751131058,0.0,0.011095689,253.343,1.0
55,c1ccccc1,c1(Cl)ccc(Cl)c(NC(C)=O)c1,0.10533608,0.10533607751131058,0.0,0.011095689,204.056,1.0
55,c1ncncn1,C([C@H](c1nc(C)nc(Cl)n1)C(=O)[O-])C,0.10533608,0.10533607751131058,0.0,0.011095689,214.63199999999998,1.0
55,O=C(NCCc1ccccc1)C(=O)Nc1ccccc1,O=C(Nc1c(C)cc(N(C)C)cc1)C(=O)NC[C@@H]([NH+](C)C)c1ccccc1,0.10533608,0.10533607751131058,0.0,0.011095689,369.4890000000001,1.0
55,[NH2+]=C(Cc1ccccc1)Nc1ccccc1,[NH2+]=C(Nc1ccc(OC)cc1C)Cc1cc(C)ccc1,0.10533608,0.10533607751131058,0.0,0.011095689,269.36799999999994,1.0
55,C1C[NH+](C2CC2)C1,[C@@H]1(CN(CC(N)=O)[C@H](C)[NH3+])[NH+](C2CC2)CC1,0.10533608,0.10533607751131058,0.0,0.011095689,228.33999999999995,1.0
55,c1ccc(Cn2ccnc2)cc1,[NH2+](C)Cc1n(Cc2c(Cl)cccc2)cnc1,0.10533608,0.10533607751131058,0.0,0.011095689,236.72600000000006,1.0
55,c1ccc(C[NH2+]CC2CC[NH2+]CC2)cc1,c1c(Br)cc(O)c([C@H](C)[NH+](C)CC2CC[NH2+]CC2)c1,0.10533608,0.10533607751131058,0.0,0.011095689,329.2820000000002,1.0
55,c1nnnn1C1CC1,n1(C2CC2)c(C[NH2+]C)nnn1,0.10533608,0.10533607751131058,0.0,0.011095689,154.197,1.0
55,O=C(CSC1=[NH+]CCN1)Nc1ccccc1,C1CNC(SCC(Nc2cc(Cl)ccc2C)=O)=[NH+]1,0.10533608,0.10533607751131058,0.0,0.011095689,284.792,1.0
55,O=C(NCCn1cc[nH+]c1)NC1CCN(c2cc[nH+]cc2)CC1,C1CC(NC(=O)N[C@H](C)Cn2c[nH+]cc2)CCN1c1cc[nH+]cc1,0.10533608,0.10533607751131058,0.0,0.011095689,330.43600000000004,1.0
69,O=C(NCCn1cc[nH+]c1)c1cccnc1,c1n(C[C@@H](NC(=O)c2cccnc2Cl)C)c[nH+]c1,0.10533608,0.10533607751131058,0.0,0.011095689,265.724,1.0
69,c1ccc(-c2cccnc2)cc1,c1cc(-c2cnccc2)cc(C([O-])=O)c1,0.10533608,0.10533607751131058,0.0,0.011095689,198.20099999999996,1.0
69,c1ccc(NC2CCCCC2)cc1,C1C(N(c2ccc(Cl)cc2)S(=O)(C)=O)CCC(C[NH3+])C1,0.10533608,0.10533607751131058,0.0,0.011095689,317.8620000000001,1.0
69,O=C(NC[C@H]1C[NH+]2CCN1CC2)C(=O)Nc1cccnc1,N12CC[NH+](C[C@@H]1CNC(C(=O)Nc1c(C)nccc1)=O)CC2,0.10533608,0.10533607751131058,0.0,0.011095689,304.37400000000014,1.0
69,O=S(=O)(NC1CCCC1)c1cccnc1,c1ncc(C([O-])=O)cc1S(=O)(N[C@@H]1C(C)(C)CCC1)=O,0.10533608,0.10533607751131058,0.0,0.011095689,297.35600000000005,1.0
69,c1c[nH]nn1,n1n([C@H](C(N)=O)C)c(N)cn1,0.10533608,0.10533607751131058,0.0,0.011095689,155.161,1.0
69,O=C(Nc1ccccn1)c1ccccc1,n1c(NC(=O)c2cccc(OC)c2OC)cc(C#N)cc1,0.10533608,0.10533607751131058,0.0,0.011095689,283.2869999999999,1.0
69,c1ccccc1,c1(F)cc(NC(=O)CS[C@H]([C@@H](C)O)C)ccc1C,0.10533608,0.10533607751131058,0.0,0.011095689,271.357,1.0
69,c1ccc(CN2CCC(Cn3cc[nH+]c3)CC2)cc1,C1N(C(c2cc(C([O-])=O)ccc2)CCC)CCC(Cn2cc[nH+]c2)(O)C1,0.10533608,0.10533607751131058,0.0,0.011095689,357.454,1.0
69,c1ccc(N2CC[NH2+]CC2)cc1,C1C[NH2+]CCN1c1c(C([O-])=O)cccc1Br,0.10533608,0.10533607751131058,0.0,0.011095689,285.14099999999996,1.0
69,O=C(NCc1ccccc1)C1=NN=C(c2cccs2)C1,c1cccc(CNC(C2=NN=C(c3sc(Cl)cc3)C2)=O)c1O,0.10533608,0.10533607751131058,0.0,0.011095689,333.80000000000007,1.0
69,O=C(C1C=NN=C1)N1CCOCC1,C1CN(C([C@H]2C=NN=C2C([O-])=O)=O)C[C@H](C)O1,0.10533608,0.10533607751131058,0.0,0.011095689,238.22299999999996,1.0
69,c1csc(C[NH2+]Cc2c[nH]c3ccccc23)c1,c12c(C[NH2+]Cc3ccc(Cl)s3)cn(CC)c1cccc2,0.10533608,0.10533607751131058,0.0,0.011095689,305.854,1.0
69,O=C(Cn1cc(NCc2cccnc2)cn1)N1CC[NH2+]CC1,C(C(N1CC[NH2+]CC1)=O)n1ncc(N[C@@H](C)c2cccnc2)c1,0.10533608,0.10533607751131058,0.0,0.011095689,315.40100000000007,1.0
84,O=C(NCCc1ccsc1)N1CCCC1,C(OC)(=O)[C@@H]1CCN(C(=O)NC[C@H](c2cscc2)[NH+](C)C)[C@@H]1C,0.10533608,0.10533607751131058,0.0,0.011095689,340.4690000000001,1.0
84,O=S(=O)(Cc1ccccc1)Nc1ccccc1,S(=O)(Cc1ccccc1)(Nc1cc(Cl)ccc1F)=O,0.10533608,0.10533607751131058,0.0,0.011095689,299.754,1.0
84,O=C(COc1ccccc1)NC[C@@H]1CC[NH2+]C1,c1c(Cl)ccc(OCC(N(C[C@H]2C[NH2+]CC2)C)=O)c1,0.10533608,0.10533607751131058,0.0,0.011095689,283.77899999999994,1.0
84,c1ccc(CNC[C@H]2CC[NH2+]C2)nc1,c1ccc(CN(C[C@@H]2C[NH2+]CC2)S(=O)(=O)C)nc1,0.10533608,0.10533607751131058,0.0,0.011095689,270.37799999999993,1.0
84,c1cc(N2CCC(CNC3CCCCC3)CC2)ncn1,C1(NCC2CCN(c3ncncc3C#N)CC2)CCC(N(C)C(C)=O)CC1,0.10533608,0.10533607751131058,0.0,0.011095689,370.5010000000002,1.0
84,O=C1C/C(=N/c2ccccc2)N1,c1cc(Cl)ccc1/N=C1\N(CC=C)C(=O)C1,0.10533608,0.10533607751131058,0.0,0.011095689,234.68599999999995,1.0
84,O=S(=O)(Nc1ccccc1)c1ccccc1,Clc1ccc(OC)cc1NS(=O)(c1cc(C(=O)[O-])ccc1)=O,0.10533608,0.10533607751131058,0.0,0.011095689,340.76400000000007,1.0
84,O=C(NC[C@@H]1CCC[NH+]1Cc1ccccc1)N1CCNCC1,N1(C(NC[C@@H]2C[C@H](O)C[NH+]2Cc2ccccc2)=O)CCN(C(C)=O)CC1,0.10533608,0.10533607751131058,0.0,0.011095689,361.46600000000024,1.0
84,O=S(=O)(NC1CCCC1)c1ccccc1,Fc1c(S(=O)(N[C@H]2CCCC2(C)C)=O)ccc(C(=O)[O-])c1,0.10533608,0.10533607751131058,0.0,0.011095689,314.358,1.0
84,O=C1NN=N[C@H]1C[NH+]1CCCCC1,N1=N[C@@H](C[NH+]2CCC(NC(=O)C(C)(C)C)CC2)C(=O)N1,0.10533608,0.10533607751131058,0.0,0.011095689,282.36799999999994,1.0
84,c1ccc(CNCC2CC[NH2+]CC2)cc1,O=C(N(CC1CC[NH2+]CC1)Cc1cc(Br)ccc1)C,0.10533608,0.10533607751131058,0.0,0.011095689,326.258,1.0
84,O=S(=O)(Nc1ccc(N2CCC2)cc1)c1ccccc1,C1N(c2ccc(NS(=O)(c3ccc(C(=O)[O-])cc3)=O)cc2)CC1,0.10533608,0.10533607751131058,0.0,0.011095689,331.3730000000001,1.0
84,c1ccc2c(c1)cn1cncnc21,n1c(CC)n2c(c3ccccc3c2C([O-])=O)nc1,0.10533608,0.10533607751131058,0.0,0.011095689,240.242,1.0
84,O=S1(=O)CC[C@H](C[NH2+]Cc2ccccc2)N1,c1cc(F)ccc1C[NH+](C[C@H]1CCS(=O)(=O)N1)C[C@@H](O)C,0.10533608,0.10533607751131058,0.0,0.011095689,317.406,1.0
84,c1ccc(CN2CCOCC2)cc1,c1ccc(Cl)c([C@@H](N2CCOCC2)C(=O)[O-])c1,0.10533608,0.10533607751131058,0.0,0.011095689,254.69299999999993,1.0
98,O=S(=O)(Nc1ccc([SH]2C=CC3=CC=C([N-]2)OCCC3)cc1)c1ccccc1,C1c2ccc([N-]S(c3ccc(NS(=O)(c4ccc(OC)cc4)=O)cc3)cc2)OCC1,0.0,0.0,0.0,0.011095689,443.5700000000003,0.0
98,O=C(Nc1cccs1)c1ccc(S(=O)(=O)Nc2ccccc2)cc1,O=C(Nc1ccc(Cl)s1)c1ccc(S(=O)(=O)Nc2cc(Cl)ccc2)cc1,1.5459062e-08,1.5459061586398093e-08,0.0,0.011095689,427.33400000000006,2.1538327e-14
98,O=C(C[NH2+]C[C@H]1CCOC1)N1CCSCC1,C1N(C([C@@H]([NH+](C[C@H]2[C@@H]([NH2+]C)COC2)C)C)=O)CCSC1,0.10533608,0.10533607751131058,0.0,0.011095689,303.472,1.0
98,c1ccc(Cn2ccc3ccccc32)nc1,[C@H](n1c2c(c(C([O-])=O)ccc2)cc1)(c1nccc(C#N)c1)N,0.10533608,0.10533607751131058,0.0,0.011095689,291.29,1.0
98,c1ccc(-c2ccncc2)cc1,c1(-c2ccncc2)ccccc1C(N)=O,0.10533608,0.10533607751131058,0.0,0.011095689,198.22499999999997,1.0
98,O=C(NC[C@H]1CCC[NH+]1C1CC1)Nc1ccn[nH]1,C1[NH+](C2CC2)[C@@H](CNC(=O)Nc2ccnn2C(C)(C)C)CC1,0.10533608,0.10533607751131058,0.0,0.011095689,306.43400000000014,1.0
98,c1ccc(CN2CC[NH+]3CCC[C@@H]3C2)cc1,c1c(Cl)cc([C@@H](N2C[C@H]3CCC[NH+]3CC2)NC(C)=O)c(Br)c1,0.10533604,0.10533604025840759,0.0,0.011095689,387.72900000000004,0.9999993
98,O=C(c1ccccc1)N1CCCCC1,C(N1CCC([NH3+])CC1)(=O)c1ccc(F)cc1,0.10533608,0.10533607751131058,0.0,0.011095689,223.27100000000002,1.0
98,c1ccc(C2C[C@@H]3CCCN3C2)cc1,c1cc([C@@]2(C(=O)[O-])CN3CCC[C@H]3C2)ccc1,0.17803514,0.17803514003753662,15.5,0.031696513,230.28699999999995,1.0
98,C1=C(c2cccnc2)N=N[C@@H]1C1=[NH+]CCN1,C1C[NH+]=C([C@@H]2C=C(c3cnccc3)N=N2)N1,0.10533608,0.10533607751131058,0.0,0.011095689,214.252,1.0
98,c1ccc(-n2ccnc2)nc1,N#Cc1cc(-n2ccnc2SC)ncc1,0.10533608,0.10533607751131058,0.0,0.011095689,216.269,1.0
98,c1ccc(CC/[NH+]=N/c2cccnc2)nc1,[NH+](\CCc1ncccc1)=N/c1cccnc1,0.10533608,0.10533607751131058,0.0,0.011095689,213.26399999999998,1.0
98,c1ccc(OCC[NH+]2CCCCC2)cc1,C(Oc1cc(Cl)ccc1)C[NH+]1CCC[C@@H](NC(=O)C)C1,0.10533608,0.10533607751131058,0.0,0.011095689,297.80600000000004,1.0
98,C1=C[C@H](N2CC[NH2+]CC2)CCC1,C1N([C@@H]2CCCC=C2)CC[NH2+]C1,0.10533608,0.10533607751131058,0.0,0.011095689,167.27599999999998,1.0
111,C1CCNC1,N1C[C@H](NS(C)(=O)=O)C(C)(C)C1,0.10533608,0.10533607751131058,0.0,0.011095689,192.28399999999996,1.0
111,O=S(=O)(Nc1ccccc1)c1ccccc1,c1(Cl)cc(NS(=O)(=O)c2ccc(C([O-])=O)cc2)ccc1Cl,0.10533608,0.10533607751131058,0.0,0.011095689,345.183,1.0
111,C(=C/c1ccccc1)\C[NH+]1CCCCC1,C1[NH+](C/C=C/c2ccccc2)CCC(OC)(C(=O)[O-])C1,0.10533608,0.10533607751131058,0.0,0.011095689,275.348,1.0
111,O=C(NCc1ccccc1)C1=NN=C[C@H]1C(=O)NCc1cccs1,CC1=NN=C(C(=O)N[C@H](c2ccccc2)C)[C@@H]1C(N[C@@H](C)c1cccs1)=O,0.10533608,0.10533607751131058,0.0,0.011095689,382.4890000000001,1.0
111,c1ccc2[nH]ccc2c1,C(/N=N/c1c2c(n(CC)c1C#N)cccc2)(=S)N,0.10533608,0.10533607751131058,0.0,0.011095689,257.32200000000006,1.0
111,O=C(Nc1ccccc1)C(=O)NC1CCCCCC1,c1(F)c(NC(=O)C(=O)N[C@@H]2CCCCC[C@@H]2C(=O)[O-])cccc1,0.10533608,0.10533607751131058,0.0,0.011095689,321.328,1.0
111,c1ccc(C[NH2+]Cc2ccccn2)cc1,c1c(C[NH2+]Cc2ncccc2F)ccc(Cl)c1F,0.10533608,0.10533607751131058,0.0,0.011095689,269.702,1.0
111,O=C(CSc1ccccc1)N[C@@H]1CC[NH+]2CCC[C@H]2C1,C(N[C@@H]1[C@@H](C)C[NH+]2CCC[C@H]2C1)(CSc1cc(Br)ccc1)=O,0.10533608,0.10533607751131058,0.0,0.011095689,384.36300000000006,1.0
111,c1ccc(C2CCNC2)cc1,C1CN(C(C)=S)C[C@]1(C(OC)OC)c1ccccc1,0.10533608,0.10533607751131058,0.0,0.011095689,279.405,1.0
111,O=C(COc1ccccc1)N1CC[NH2+]CC1,c1cc(OCC(N2CC[NH2+]CC2)=O)c(OC)cc1,0.10533608,0.10533607751131058,0.0,0.011095689,251.30599999999995,1.0
111,O=C(CC1C[C@H]2CC[C@@H](C1)[NH2+]2)Nc1ccccc1,C(Nc1c(Cl)cc(OC)cc1)(=O)CC1C[C@@H]2[NH2+][C@@H](CC2)C1,0.10533608,0.10533607751131058,0.0,0.011095689,309.8170000000001,1.0
111,c1ccc2c(c1)CCCC2,c12c(c(OC)ccc1)CCC[C@@H]2NC(C)=O,0.10533608,0.10533607751131058,0.0,0.011095689,219.28399999999996,1.0
111,C1CC2CCCN2C1,C1N2CCC[C@@H]2C[C@@H]1C(=O)[O-],0.1790301,0.17903010547161102,15.666667,0.03205178,154.189,1.0
127,O=C(NC[C@H]1CC[NH2+]C1)C(=O)Nc1ccccc1,C(=O)(NC[C@@H]1C[NH2+]CC1)C(=O)Nc1cc(F)c(OC)cc1,0.10533608,0.10533607751131058,0.0,0.011095689,296.322,1.0
127,O=C(NC1CCCCC1)c1ccccc1,C1(NC(=O)c2cc(C)c(F)cc2)CCC(C[NH3+])CC1,0.10533608,0.10533607751131058,0.0,0.011095689,265.352,1.0
127,c1ccccc1,c1cc(OC)c(NC(=O)C)cc1Cl,0.10533608,0.10533607751131058,0.0,0.011095689,199.637,1.0
127,O=C(Nc1ccccc1-c1ccccn1)c1ccccc1,[O-]C(=O)c1cccc(-c2ncccc2)c1NC(c1ccccc1F)=O,0.10533608,0.10533607751131058,0.0,0.011095689,335.314,1.0
127,c1ccc(CNC[C@H]2CCOC2)cc1,[C@H]1(CN(Cc2ccccc2)S(=O)(=O)C)[C@@H]([NH2+]C)COC1,0.10533608,0.10533607751131058,0.0,0.011095689,299.41600000000005,1.0
127,O=C(C[NH+]1CCN(Cc2ccccc2)CC1)NCCn1cc[nH+]c1,C(c1ccccc1Cl)N1CC[NH+](CC(N[C@@H](C)Cn2c[nH+]cc2)=O)CC1,0.10533608,0.10533607751131058,0.0,0.011095689,377.92000000000013,1.0
127,O=C(Nc1ccccc1)C(=O)N1CC[NH2+]CC1,C(N1CC[NH2+]CC1)(=O)C(Nc1c(C)c(F)ccc1)=O,0.10533608,0.10533607751131058,0.0,0.011095689,266.296,1.0
127,O=C(Nc1ccccc1)[C@@H]1C[C@H]2CCCN2C1,C1N2CCC[C@@H]2C[C@H]1C(Nc1c(OC(F)F)ccc(Br)c1)=O,0.10533608,0.10533607751131058,0.0,0.011095689,375.213,1.0
127,O=C(C[NH+]1CCC(c2ccccc2)=[NH+]C1)N1CCNCC1,[NH+]1(CC(N2CCN(C(=O)C)CC2)=O)CCC(c2ccc(Cl)cc2)=[NH+]C1,0.10533608,0.10533607751131058,0.0,0.011095689,364.87699999999995,1.0
127,O=C(NCc1ccccc1)NC1CCCC1,c1(F)ccc(CN(C(=O)N[C@H]2C[C@@H]([NH+](C)C)CC2)C)c(Cl)c1,0.10533608,0.10533607751131058,0.0,0.011095689,328.83900000000006,1.0
127,c1ccc(C[NH+]2CCCCC2)cc1,O(c1cc([C@H](C)[NH+]2C[C@@H](CNC(=O)N)CCC2)ccc1)C,0.10533608,0.10533607751131058,0.0,0.011095689,292.40299999999996,1.0
127,O=C(Nc1ccccc1)N1CCSCC1,C(Nc1ccc(F)cc1F)(N1CCSCC1)=O,0.10533608,0.10533607751131058,0.0,0.011095689,258.29299999999995,1.0
127,c1ccc(C[NH+]2CCCCC2)cc1,Fc1c(C[NH+]2CCC[C@H](NC(=O)C)C2)cccc1,0.10533608,0.10533607751131058,0.0,0.011095689,251.325,1.0
127,c1ccc(CN2CC[NH2+]CC2)cc1,[C@@H](N1CC[NH2+]CC1)(C(C)C)c1cccc(Br)c1,0.10533608,0.10533607751131058,0.0,0.011095689,298.248,1.0
127,O=C(NCCn1cc[nH+]c1)NCc1cncn1C1CC1,C(Cn1cc[nH+]c1)NC(=O)NCc1n(C2CC2)cnc1,0.10533608,0.10533607751131058,0.0,0.011095689,275.33599999999996,1.0
127,O=c1ccccn1CN1CCOCC1,C(CC[C@@H]1CN(Cn2c(=O)ccc(Cl)c2)CCO1)(C)C,0.10533608,0.10533607751131058,0.0,0.011095689,298.8140000000001,1.0
141,c1ccncc1,c1([C@@H]([NH3+])C)ccncc1OC,0.10533608,0.10533607751131058,0.0,0.011095689,153.20499999999998,1.0
141,C1CC2CCCN2C1,C1C(C([O-])=O)CN2CCC[C@@H]12,0.16836645,0.1683664470911026,13.833333,0.02834726,154.189,1.0
141,O=C(Cc1ccccn1)N1CCCC(Cn2cc[nH+]c2)CC1,C1N(C([C@H](CC)c2ccccn2)=O)CCC(Cn2c[nH+]cc2)(O)CC1,0.10533608,0.10533607751131058,0.0,0.011095689,343.451,1.0
141,O=C(NCCN1CC[NH2+]CC1)Nc1ccn(-c2ccccc2)c1,C(C)[NH+]1CCN(CCNC(=O)Nc2cn(-c3cc(Cl)ccc3)cc2)CC1,0.10533608,0.10533607751131058,0.0,0.011095689,376.91200000000015,1.0
141,c1ccc(-c2ccccc2)cc1,c1c(C)cc(-c2cc(C(=O)[O-])ccc2)cc1C([O-])=O,0.10533608,0.10533607751131058,0.0,0.011095689,254.24099999999999,1.0
141,O=C(c1ccccc1)N1CCC([NH+]2CCCCC2)CC1,[O-]C(=O)c1ccc(C(=O)N2CCC([NH+]3CCC[C@@H](NC(=O)C)C3)CC2)cc1,0.10533608,0.10533607751131058,0.0,0.011095689,373.4530000000001,1.0
141,O=C(NCCn1cc[nH+]c1)c1cncc(N2CC[NH2+]CC2)c1,C1C[NH2+]CCN1c1cncc(C(=O)N[C@@H](Cn2cc[nH+]c2)C)c1,0.10533608,0.10533607751131058,0.0,0.011095689,316.40900000000005,1.0
141,c1ccc(-c2cccnc2)cc1,[N+](=O)(c1ccc(CC(=O)[O-])c(-c2cnccc2)c1)[O-],0.10533608,0.10533607751131058,0.0,0.011095689,257.225,1.0
141,c1ccc(C[NH2+][C@H]2CC[NH+]3CCC[C@@H]3C2)cc1,[C@@H]1(C)C[NH+]2CCC[C@@H]2C[C@H]1[NH2+]Cc1ccccc1O,0.10533608,0.10533607751131058,0.0,0.011095689,262.397,1.0
141,C(=[NH+]/CCn1ccnc1)\c1ccccc1,C(\c1ccc(OC)cc1)=[NH+]/CCn1c(C([O-])=O)cnc1,0.10533608,0.10533607751131058,0.0,0.011095689,273.292,1.0
141,O=S(=O)([N-]c1ccccn1)c1ccccc1,c1ccnc([N-]S(=O)(=O)c2ccc(C(=O)[O-])cc2)c1,0.10533608,0.10533607751131058,0.0,0.011095689,276.27299999999997,1.0
141,O=C(Nc1ccccc1)N1CCCC1,C[NH+](C)[C@H](c1cc(NC(=O)N2[C@H](C)[C@H](C(N)=O)CC2)ccc1)C,0.10533608,0.10533607751131058,0.0,0.011095689,319.42900000000003,1.0
141,O=C(C[NH+]1CCNCC1)NCCn1cc[nH+]c1,CC(N1CC[NH+](CC(N[C@H](Cn2cc[nH+]c2)C)=O)CC1)=O,0.10533608,0.10533607751131058,0.0,0.011095689,295.3870000000001,1.0
141,c1ccc(CNc2ccccc2)cc1,[NH+]([O-])(c1ccc(Cl)c(N[C@H](c2ccccc2F)C)c1)C,0.10533608,0.10533607751131058,0.0,0.011095689,294.75700000000006,1.0
157,O=C(NCn1cccnc1=O)c1ccccc1,CN(C(=O)c1cccc(F)c1)[C@H](C)n1cc(C(=O)[O-])cnc1=O,0.10533608,0.10533607751131058,0.0,0.011095689,318.28400000000005,1.0
157,O=C(N[C@@H]1C[C@H]2CCCC[NH+]2C1)c1c[nH]cn1,C1[NH+]2[C@H](CCCC2)C[C@H]1NC(=O)c1cn(C)cn1,0.10533608,0.10533607751131058,0.0,0.011095689,249.33800000000002,1.0
157,O=C(NCn1cc[nH+]c1)C(=O)Nc1ccccc1,COc1ccc(C(=O)N)cc1NC(C(=O)N[C@@H](C)n1cc[nH+]c1)=O,0.10533608,0.10533607751131058,0.0,0.011095689,332.34000000000003,1.0
157,c1ccc(N2CCOCC2)cc1,c1(C([O-])=O)c(N2C[C@@H](C)OCC2)cccc1,0.11869138,0.11869137734174728,3.5,0.014087643,220.248,1.0
157,O=C(NCC1CCN(c2cc[nH+]cc2)CC1)N1CCCCC1,C1CN(c2cc[nH+]cc2)CCC1CNC(N1C[C@@H](O)CCC1)=O,0.10533608,0.10533607751131058,0.0,0.011095689,319.4290000000001,1.0
157,O=C1CCNC[C@H](c2ccccc2)N1,CC(N1C[C@@H](C)C(=O)N[C@@H](c2cc(F)ccc2)C1)=O,0.10533608,0.10533607751131058,0.0,0.011095689,264.3,1.0
157,c1nnn[nH]1,n1nnn([C@@H](C)C(NCC(=O)N)=O)c1N,0.10533608,0.10533607751131058,0.0,0.011095689,213.20099999999996,1.0
157,c1ncc(C[NH2+][C@@H]2C[C@@H]3CC[C@@H]2C3)[nH]1,[C@@H]12CC[C@H](C1)C[C@H]2[NH2+]Cc1cncn1C,0.10533608,0.10533607751131058,0.0,0.011095689,206.31300000000005,1.0
157,C1=C(c2ccccc2)CCNC1,[NH3+]CC(=O)N1CC=C(c2ccc(Cl)cc2)CC1,0.10533608,0.10533607751131058,0.0,0.011095689,251.737,1.0
157,O=S(=O)(Nc1ccccc1)c1ccccc1,c1c(Cl)cc(NS(=O)(=O)c2cc(C([O-])=O)ccc2)c(OC)c1,0.10533608,0.10533607751131058,0.0,0.011095689,340.76400000000007,1.0
157,c1ccc(N2CCOCC2)cc1,C1COCCN1c1cc(C([O-])=O)ccc1,0.11801961,0.11801961064338684,3.3333333,0.0139286285,206.221,1.0
157,C1=C[C@@H](CN2CCOCC2)CC1,C1N(C[C@H]2C[C@H]([NH3+])C=C2)CCOC1,0.10533608,0.10533607751131058,0.0,0.011095689,183.27499999999995,1.0
157,c1ccc(-c2cccc(-c3ccncc3)c2)cc1,c1ccccc1-c1c(C(=O)[O-])ccc(-c2ccncc2)c1,0.10533608,0.10533607751131058,0.0,0.011095689,274.299,1.0
157,c1ccc(C2CCNC2)cc1,CC(NC(CC1(c2ccccc2)CCN(S(=O)([O-])=O)C1)=O)C,0.10533608,0.10533607751131058,0.0,0.011095689,325.4100000000001,1.0
157,c1ccccc1,[NH3+]C[C@H](C)CN(c1cc(Br)cc(OC)c1)C,0.10533608,0.10533607751131058,0.0,0.011095689,288.20900000000006,1.0
157,O=C(NCC1CCCC1)c1ccccc1,C(NC(=O)c1ccc(F)cc1)[C@H]1CC[C@@H]([NH+](C)C)C1,0.10533608,0.10533607751131058,0.0,0.011095689,265.35200000000003,1.0
170,O=c1ccccn1CC/[NH+]=C\NC1CCCCC1,N([C@H]1CCC[C@@H](C)C1)/C(=[NH+]\CCn1c(=O)cccc1)C,0.10533608,0.10533607751131058,0.0,0.011095689,276.404,1.0
170,O=C(COc1ccccc1)Nc1cccc2c1C[NH2+]C2,C(Oc1ccc(Cl)cc1)C(Nc1cccc2c1C[NH+](CC(C)C)C2)=O,0.10533608,0.10533607751131058,0.0,0.011095689,359.8770000000002,1.0
170,O=S(=O)(NC1CCCC1)c1ccccc1,O=S(=O)(c1cc(C(=O)[O-])ccc1)N[C@H]1C(C)(C)CCC1,0.10533608,0.10533607751131058,0.0,0.011095689,296.3680000000001,1.0
170,O=C(Nc1ccccc1)c1ccc2ncncc2n1,n1c2c(cc(C(=O)[O-])c1C(=O)Nc1ccc(C)cc1)ncnc2N,0.10533608,0.10533607751131058,0.0,0.011095689,322.30400000000003,1.0
170,c1ccc(C[NH2+]Cc2ccccc2)cc1,c1c(F)c(F)cc(C[NH2+]Cc2c(OC)cc(OC)cc2)c1,0.10533608,0.10533607751131058,0.0,0.011095689,294.32099999999997,1.0
170,O=C(NCc1ccccc1)[C@H]1C[C@H]2CCCN2C1,N12CCC[C@@H]1C[C@H](C(NCc1cc(OC)cc(F)c1)=O)C2,0.10533608,0.10533607751131058,0.0,0.011095689,292.35400000000004,1.0
170,O=C(NCc1ccccc1)NC1CCCC1,N(C(=O)N[C@@]1(C(=O)OC)CC[C@H]([NH+](C)C)C1)Cc1ccccc1O,0.10533608,0.10533607751131058,0.0,0.011095689,336.412,1.0
170,C1=CC(NCc2nnc[nH]2)=CC1,C1=C[C@@H]([NH3+])C=C1NCc1n(C)cnn1,0.10533608,0.10533607751131058,0.0,0.011095689,192.24599999999998,1.0
170,O=C(NCCn1cc[nH+]c1)[C@H]1CC2CC[NH+]1CC2,[NH+]12CC[C@@H](CC1)C[C@@H]2C(=O)N[C@@H](Cn1cc[nH+]c1)C,0.10533608,0.10533607751131058,0.0,0.011095689,264.37300000000005,1.0
170,C1CCNCC1,C1CN(C([C@H]([C@@H](O)C)C(=O)[O-])=O)C[C@H](C)[C@@H]1C,0.10533608,0.10533607751131058,0.0,0.011095689,242.29499999999993,1.0
170,c1ccccc1,C(c1c(OC)cc(OC)cc1)(N)=O,0.10533608,0.10533607751131058,0.0,0.011095689,181.191,1.0
170,C1CC2CCC[NH+]2C1,CC(C1C[NH+]2[C@@H](CCC2)C1)(C)C,0.10533608,0.10533607751131058,0.0,0.011095689,168.30399999999997,1.0
170,O=C(Nc1ccc(-c2cccnc2)cc1)[C@H]1C=C(c2cnc[nH]2)N=N1,C(C)n1c(C2=C[C@H](C(=O)Nc3ccc(-c4cnccc4)cc3)N=N2)cnc1,0.10533608,0.10533607751131058,0.0,0.011095689,358.40500000000003,1.0
185,C1CCN2CCC[C@H]2C1,C(=O)([C@@H]1CN2CCC[C@H]2CC1)[O-],0.17704536,0.17704536020755768,15.333333,0.03134506,168.21599999999998,1.0
185,O=C(NCc1ccccc1)c1cccnc1,Clc1nc(OC)ccc1C(N[C@@H](C)c1cc(F)ccc1)=O,0.10533608,0.10533607751131058,0.0,0.011095689,308.74,1.0
185,c1nc(C[NH2+]Cc2cn[nH]c2)c[nH]1,n1(C)cc(C[NH2+]Cc2c(Cl)n(CC(C)C)nc2C)nc1,0.10533608,0.10533607751131058,0.0,0.011095689,296.826,1.0
185,O=C(NCc1ccccc1)C(=O)Nc1ccccc1,c1cc([C@H](NC(C(Nc2c(OC)cccc2C)=O)=O)C)ccc1OC,0.10533608,0.10533607751131058,0.0,0.011095689,342.3950000000001,1.0
185,c1ccc(CN2CCOCC2)cc1,c1([C@@H](N2CCOCC2)C(=O)[O-])ccc(C([O-])=O)cc1F,0.10533608,0.10533607751131058,0.0,0.011095689,281.239,1.0
185,O=C(NCC[NH+]1CCN(Cc2ccccc2)CC1)c1cccnc1,O=C(NCC[NH+]1CCN(Cc2c(Cl)cccc2)CC1)c1c(C)nccc1,0.10533608,0.10533607751131058,0.0,0.011095689,373.9080000000002,1.0
185,O=C(Cn1ccnc1)N1CCCCC1,N1(C(=O)Cn2cncc2)C[C@H]([NH3+])C[C@@H](C(C)(C)C)C1,0.10533608,0.10533607751131058,0.0,0.011095689,265.381,1.0
185,O=C(NCC[NH+]1CCCCC1)NNC(=O)c1ccccc1,Brc1ccc(C(NNC(NCC[NH+]2CCC(C)CC2)=O)=O)cc1,0.10533608,0.10533607751131058,0.0,0.011095689,384.29800000000023,1.0
185,c1ccc(OCC[NH+]2CCNCC2)cc1,C1CN(CC(=O)N)CC[NH+]1CCOc1ccc(Cl)cc1N,0.10533608,0.10533607751131058,0.0,0.011095689,313.809,1.0
185,c1csc(C[NH2+]Cc2cnn3ccccc23)c1,Clc1ccc(C[NH2+]Cc2c3ccccn3nc2)s1,0.10533608,0.10533607751131058,0.0,0.011095689,278.788,1.0
185,C1COCCN1,[O-]C([C@@H]([C@@H](C)N1CCOCC1)C(=O)[O-])=O,0.10533608,0.10533607751131058,0.0,0.011095689,215.20499999999998,1.0
185,c1c[nH+]c[nH]1,CC(C)(Cn1c[nH+]cc1)C(=O)C,0.10533608,0.10533607751131058,0.0,0.011095689,167.23199999999997,1.0
185,O=S(=O)(Nc1ccccc1)c1ccccc1,c1cc(C([O-])=O)ccc1S(=O)(Nc1ccc(Cl)cc1OC)=O,0.10533608,0.10533607751131058,0.0,0.011095689,340.76400000000007,1.0
185,O=C(CC1C[C@H]2CCCN2C1)Nc1ccccn1,O=C(Nc1ncccc1)CC1C[C@@H]2N(CCC2)C1,0.10533608,0.10533607751131058,0.0,0.011095689,245.3259999999999,1.0
185,c1cn(-c2c[nH]cn2)cn1,n1(C)cc(-n2cncc2C[NH2+]C)nc1,0.10533608,0.10533607751131058,0.0,0.011095689,192.24599999999998,1.0
199,c1ncc(C[NH2+]C2CCNCC2)[nH]1,C1CN(C(C)=O)CCC1[NH2+]Cc1cncn1C,0.10533608,0.10533607751131058,0.0,0.011095689,237.32699999999997,1.0
199,O=C(COc1ccccc1)Nc1ccccc1,C(C(Nc1c(OC)cc(Cl)cc1)=O)Oc1c(Cl)cc(C)cc1C,0.10533608,0.10533607751131058,0.0,0.011095689,354.23300000000006,1.0
199,c1c[nH]cn1,C(C)(N(C(=O)c1cn(C)cn1)C(=O)[O-])C,0.10533608,0.10533607751131058,0.0,0.011095689,210.213,1.0
199,c1ccc(C[NH2+]Cc2ccccc2)cc1,[O-][N+](=O)c1cc(C[NH2+]Cc2c(Br)ccc(OC)c2)cc(OC)c1N(C)C,4.975999e-08,4.9759989906306146e-08,0.0,0.011095689,425.3030000000002,2.2315483e-13
199,c1ccc(-c2ccccc2)cc1,c1c(C(=O)[O-])ccc(-c2ccccc2)c1,0.10533608,0.10533607751131058,0.0,0.011095689,197.21300000000002,1.0
199,c1csc(N2CCCC2)c1,c1cc(C[NH2+]C)sc1N1[C@H](C)CCC1,0.10533608,0.10533607751131058,0.0,0.011095689,211.35399999999996,1.0
199,c1ccc(-c2cccnc2)cc1,c1(C([O-])=O)cc(-c2cccnc2)cc(C)c1,0.10533608,0.10533607751131058,0.0,0.011095689,212.228,1.0
199,c1ncc(C[NH2+][C@@H]2CCCNC2)[nH]1,C[C@H]1CN(S(C)(=O)=O)C[C@H]([NH2+]Cc2cncn2C)C1,0.10533608,0.10533607751131058,0.0,0.011095689,287.40900000000005,1.0
199,O=C(c1ccccc1)N1CCC(C[NH2+]C2CCNCC2)CC1,C1(C[NH2+]C2CCN(CC(N)=O)CC2)CCN(C(c2ccc(F)cc2)=O)CC1,0.10533608,0.10533607751131058,0.0,0.011095689,377.4840000000001,1.0
199,c1ccc(C[NH+]2CCNCC2)cc1,C1C[NH+](Cc2ccc(OC)cc2[N+](=O)[O-])CCN1C(=O)C,0.10533608,0.10533607751131058,0.0,0.011095689,294.331,1.0
199,O=C(COc1ccccc1)N1CCCC1,C1CC(C([O-])=O)CN1C(=O)COc1cc(Cl)ccc1,0.10533608,0.10533607751131058,0.0,0.011095689,282.703,1.0
199,O=C(Nc1ccccc1)c1ccccc1,c1(OC)c(NC(c2ccc(C)c(C)c2)=O)ccc(Cl)c1,0.10533608,0.10533607751131058,0.0,0.011095689,289.76199999999994,1.0
199,O=S(=O)(Nc1ccccc1)c1ccccc1,c1(C)cc(OC)c(C(=O)[O-])cc1S(=O)(Nc1ccc(Cl)cc1)=O,0.10533608,0.10533607751131058,0.0,0.011095689,354.79100000000005,1.0
199,O=C(NC[C@H]1CC[NH2+]C1)C(=O)Nc1ccccc1-c1cccnc1,C(Nc1c(-c2cnccc2)cccc1)(C(=O)NC[C@H]1CC[NH2+]C1)=O,0.10533608,0.10533607751131058,0.0,0.011095689,325.39200000000017,1.0
214,c1ccccc1,c1c(F)c(C)cc(C(=O)[O-])c1,0.10533608,0.10533607751131058,0.0,0.011095689,153.13199999999998,1.0
214,c1ccc(C[NH+]2CCCC2)cc1,C1C[NH+]([C@@](C)(C([O-])=O)c2cccc(Br)c2)CC1,0.10533608,0.10533607751131058,0.0,0.011095689,298.18000000000006,1.0
214,c1ccc(-c2cccc(-c3ccncc3)c2)cc1,c1cc(-c2c(NC(C)=O)ccc(-c3ccc([N+](=O)[O-])cc3)c2)ccn1,0.10533608,0.10533607751131058,0.0,0.011095689,333.347,1.0
214,O=C(NCc1ccccc1)N1CCC(Cn2cc[nH+]c2)CC1,N1(C(N[C@@H](C)c2ccc(F)cc2)=O)CCC(Cn2cc[nH+]c2)(F)CC1,0.10533608,0.10533607751131058,0.0,0.011095689,349.40500000000003,1.0
214,C1CC[NH2+]CC1,C1[C@@H](C)[C@@H](C)C[NH+](CC(C)(C)C(=O)[O-])C1,0.10533608,0.10533607751131058,0.0,0.011095689,213.32099999999997,1.0
214,C1=C[C@H](OC2CCCC2)CCC1,O=C([O-])C1(O[C@@H]2CCCC=C2)C[C@@H](C)CC1,0.10533608,0.10533607751131058,0.0,0.011095689,223.29199999999997,1.0
214,c1ccc(-c2ccccc2-c2cccnc2)cc1,c1cccc(-c2cnccc2)c1-c1ccccc1,0.10533608,0.10533607751131058,0.0,0.011095689,231.29800000000003,1.0
214,c1ccccc1,c1c(N(C)C)cccc1C(NC)=O,0.10533608,0.10533607751131058,0.0,0.011095689,178.23499999999999,1.0
214,c1cn(C2CC2)nn1,n1cc(C[NH2+]C)n(C2CC2)n1,0.10533608,0.10533607751131058,0.0,0.011095689,153.209,1.0
214,c1ccc(C[NH2+]Cc2cnc[nH]2)cc1,c1cccc(C[NH2+]Cc2cncn2C)c1F,0.10533608,0.10533607751131058,0.0,0.011095689,220.27100000000002,1.0
214,O=C(NC[C@H]1C[NH+]2CCN1CC2)N1CCNCC1,C1[NH+]2CCN(CC2)[C@H]1CNC(N1CCN(C(=O)C)CC1)=O,0.10533608,0.10533607751131058,0.0,0.011095689,296.39500000000004,1.0
214,O=C(NC1CCN(c2ccc[nH+]c2)C1)c1cccnc1,c1[nH+]cccc1N1CC[C@](NC(c2cccnc2Cl)=O)(C(=O)[O-])C1,0.10533608,0.10533607751131058,0.0,0.011095689,346.77400000000017,1.0
214,O=C(N[C@H]1CCC[NH2+]CC1)c1cnn(-c2cccnc2)c1,C1[C@H](C)C[C@H](N(C(c2c(C)n(-c3cnccc3)nc2)=O)C)CC[NH+]1C,0.10533608,0.10533607751131058,0.0,0.011095689,342.46700000000016,1.0
214,C1CC[C@H]2CCCC[C@H]2C1,[C@@H]12CC[C@H](C([O-])=O)C[C@@H]1CCCC2,0.10533608,0.10533607751131058,0.0,0.011095689,181.25499999999994,1.0
214,O=C(Nc1ccccc1)C(=O)NC1CCCC1,[C@@H]1(NC(=O)C(Nc2c(C)cc(OC)cc2)=O)CCCC1(C)C,0.10533608,0.10533607751131058,0.0,0.011095689,304.39000000000004,1.0
229,O=C(Nc1ccccc1)[C@@H]1C=CN=N1,C1=C(C)N=N[C@@H]1C(=O)Nc1ccccc1C,0.10533608,0.10533607751131058,0.0,0.011095689,215.256,1.0
229,O=C(NCC1CCN(c2cncs2)CC1)N1CCCC1,[O-]C(=O)[C@H]1CCN(C(NCC2CCN(c3scnc3)CC2)=O)[C@H]1C,0.10533608,0.10533607751131058,0.0,0.011095689,351.4520000000001,1.0
229,C1=NCCS1,C1(C(=O)[O-])=N[C@@H](C)CS1,0.10533608,0.10533607751131058,0.0,0.011095689,144.17499999999998,1.0
229,O=C(CN1CC[NH+](C2CCCC2)CC1)N1CCOCC1,C1[NH+](C2C[C@H](C)CC2)CCN(CC(=O)N2CCOC(C)(C)C2)C1,0.10533608,0.10533607751131058,0.0,0.011095689,324.4890000000001,1.0
229,c1ccc2sc(C[NH+]3CCC(CN4CCOCC4)CC3)nc2c1,C1C[NH+](Cc2sc3c(cccc3)n2)CCC1CN1CCOCC1,0.10533608,0.10533607751131058,0.0,0.011095689,332.49300000000017,1.0
229,c1ccc(-c2cccnc2)cc1,Brc1c(C(=O)[O-])cc(-c2cccnc2)cc1,0.10533608,0.10533607751131058,0.0,0.011095689,277.097,1.0
229,O=C(c1ccccc1)N1CCCCC1,C([NH2+]C(C)C)C1CCN(C(=O)c2ccccc2Cl)CC1,0.10533608,0.10533607751131058,0.0,0.011095689,295.83400000000006,1.0
229,c1ccccc1,c1(Cl)ccc(F)c(C(=O)[O-])c1,0.10533608,0.10533607751131058,0.0,0.011095689,173.54999999999998,1.0
229,c1ccc(C[NH2+]C[C@@H]2CCCCO2)cc1,c1(OC)cc([C@@H](C)[NH+](C)C[C@H]2OCC[C@@H](C)C2)ccc1,0.10533608,0.10533607751131058,0.0,0.011095689,278.41599999999994,1.0
229,O=C(NCC1CCN(c2cc[nH+]cc2)CC1)N1CCNCC1,c1cc(N2CCC(CNC(=O)N3CCN(C(=O)C)CC3)CC2)cc[nH+]1,0.10533608,0.10533607751131058,0.0,0.011095689,346.4550000000001,1.0
229,O=C(C[NH2+]Cc1ccccc1)Nc1ccccc1,c1cc(F)ccc1C[NH+](CC(Nc1cc(F)c(C)cc1)=O)C,0.10533608,0.10533607751131058,0.0,0.011095689,305.348,1.0
229,O=C(NCc1ncc[nH]1)C(=O)Nc1ccccc1,n1(C)ccnc1[C@H](C)NC(C(=O)Nc1cc(F)c(F)cc1)=O,0.10533608,0.10533607751131058,0.0,0.011095689,308.288,1.0
229,O=C(Nc1ccccc1)C1CCCCC1,C1(C[NH3+])CCC(C(=O)Nc2c(C)c(OC)cc(C)c2)CC1,0.10533608,0.10533607751131058,0.0,0.011095689,291.415,1.0
229,c1csc(C[NH2+]CC2CCNCC2)c1,c1([C@H](C)[NH2+]CC2CCN(C(=O)C)CC2)ccc(Cl)s1,0.10533608,0.10533607751131058,0.0,0.011095689,301.86299999999994,1.0
229,C1C[NH+]2CCN1CC2,N12CC[NH+](C[C@@H]1C([O-])=O)CC2,0.10533608,0.10533607751131058,0.0,0.011095689,156.18499999999997,1.0
243,C1CCCCC1,C1[C@H](C)CCC[C@H]1N([C@H](C[NH3+])CC(=O)N)C,0.10533608,0.10533607751131058,0.0,0.011095689,228.35999999999996,1.0
243,C1C[C@H](CN2CCOCC2)C[NH2+]1,C1[NH2+]CC[C@@H]1CN1CCOCC1,0.10533608,0.10533607751131058,0.0,0.011095689,171.26399999999998,1.0
243,C1CCNC1,C1CC(C([O-])=O)CN1C(C)=O,0.10533608,0.10533607751131058,0.0,0.011095689,156.161,1.0
243,c1ccc(Cn2ccnc2)cc1,COc1cc(Cn2c(C[NH2+]C)cnc2)ccc1OC,0.10533608,0.10533607751131058,0.0,0.011095689,262.333,1.0
243,C1CC[NH2+]C1,S(=O)(N[C@]1(F)CC[NH2+]C1)(C)=O,0.10533608,0.10533607751131058,0.0,0.011095689,183.22799999999998,1.0
243,O=C(NCCc1ccsc1)c1ccsc1,c1c(C(=O)NC[C@H](c2ccsc2)[NH+](C)C)c(Cl)sc1Cl,0.10533608,0.10533607751131058,0.0,0.011095689,350.31600000000003,1.0
243,O=C(C[NH2+]Cc1ccccn1)Nc1ccccc1,c1cc(N(C)C)cc(Cl)c1NC(=O)C[NH+](Cc1ncccc1)C,0.10533608,0.10533607751131058,0.0,0.011095689,333.843,1.0
243,c1ncc(C[NH2+]CC2CCN(c3cc[nH+]cc3)CC2)[nH]1,C1N(c2cc[nH+]cc2)CCC(C[NH2+][C@H](c2n(C)cnc2)C)C1,0.10533608,0.10533607751131058,0.0,0.011095689,301.43800000000005,1.0
243,O=C(NCC1CCN(c2cc[nH+]cc2)CC1)c1cccs1,N(CC1CCN(c2cc[nH+]cc2)CC1)(C)C(=O)c1sc(Cl)cc1,0.10533608,0.10533607751131058,0.0,0.011095689,350.895,1.0
243,c1ccccc1,[C@H](C(=O)[O-])(N(c1c(C)c(Cl)ccc1)C)C,0.11277698,0.112776979804039,2.0,0.012718648,226.683,1.0
243,c1ccc(C[NH2+]Cc2ccccc2)cc1,[NH+](C)(Cc1cccc(C)c1)Cc1c(C)cccc1,0.10533608,0.10533607751131058,0.0,0.011095689,240.36999999999998,1.0
243,O=C(C[NH+]1CCC(Cn2cc[nH+]c2)CC1)Nc1ccccc1,C1[NH+](CC(=O)Nc2ccc(C)c(F)c2)CCC(Cn2c[nH+]cc2)C1,0.10533608,0.10533607751131058,0.0,0.011095689,332.42299999999994,1.0
243,C1CC[NH+]2CCC[C@@H]2C1,C1[C@H]2[NH+](CC1)CC[C@H](C([O-])=O)C2,0.10533608,0.10533607751131058,0.0,0.011095689,169.224,1.0
243,O=C(C[NH2+]CCCn1cc[nH+]c1)N1CCSCC1,C1SCCN(C(C[NH2+]C[C@@H](C)Cn2c[nH+]cc2)=O)C1,0.10533608,0.10533607751131058,0.0,0.011095689,284.4290000000001,1.0
259,C1CNC1,C1C(C([O-])=O)CN1C(C)=O,0.10533608,0.10533607751131058,0.0,0.011095689,142.134,1.0
259,c1ccc(CN2CCSCC2)cc1,c1([C@H](C[NH3+])N2CCSCC2)ccc(OC)cc1,0.10533608,0.10533607751131058,0.0,0.011095689,253.391,1.0
259,c1ccc(N2CC[NH+]3CCC[C@@H]3C2)cc1,c1(C(=O)N)ccccc1N1C[C@@H]2[NH+](CC1)CCC2,0.10533608,0.10533607751131058,0.0,0.011095689,246.3339999999999,1.0
259,c1ccc(-c2cccnc2)cc1,c1cncc(-c2cc(NC(=O)C[NH3+])ccc2)c1,0.10533608,0.10533607751131058,0.0,0.011095689,228.275,1.0
259,c1ccc(C[NH2+]CC2CCCCC2)cc1,C1[C@H](C)CCC[C@@H]1C[NH+](C)[C@@H](c1c(O)cc(Br)cc1)C,0.10533608,0.10533607751131058,0.0,0.011095689,341.31300000000005,1.0
259,C1CC[NH+]2CCC[C@H]2C1,C1C[NH+]2[C@@H](C1)CC[C@H](C([O-])=O)C2,0.10533608,0.10533607751131058,0.0,0.011095689,169.224,1.0
259,c1ccccc1,c1c(N(C)C)ccc(N(C)C[C@H](C)C[NH3+])c1,0.10533608,0.10533607751131058,0.0,0.011095689,222.35599999999997,1.0
259,O=C(NCc1cccs1)c1ccccc1,c1ccc(C(N[C@@H](c2ccc(Cl)s2)C)=O)cc1C#N,0.10533608,0.10533607751131058,0.0,0.011095689,290.77500000000003,1.0
259,c1ccc(Cn2ccnc2)cc1,n1c(C[NH2+]C)n(Cc2c(Cl)cccc2)cc1,0.10533608,0.10533607751131058,0.0,0.011095689,236.72600000000003,1.0
259,c1ccccc1,CN(c1ccc(Cl)cc1)C[C@@H](C[NH+](C)C)O,0.10533608,0.10533607751131058,0.0,0.011095689,243.75799999999998,1.0
259,O=C(C[NH+]1CCSCC1)Nc1ccccc1,S1C(C)(C)C[NH+](CC(Nc2c(C)ccc(Cl)c2)=O)CC1,0.10533608,0.10533607751131058,0.0,0.011095689,313.87400000000014,1.0
259,O=S(=O)(Nc1ccccc1)c1ccccc1,c1c(C([O-])=O)ccc(S(=O)(Nc2c(C)ccc(C)c2)=O)c1,0.10533608,0.10533607751131058,0.0,0.011095689,304.34700000000004,1.0
259,O=C(NCc1nnc[nH]1)NC[C@@H]1CN2CC[NH+]1CC2,C(N[C@@H](c1n(C)cnn1)C)(=O)NC[C@H]1[NH+]2CCN(CC2)C1,0.10533608,0.10533607751131058,0.0,0.011095689,294.3830000000001,1.0
259,C1CCNCC1,[C@H]1(C)[C@@H](C)N(C(CS(=O)(=O)C)=O)[C@H](C)CC1,0.10533608,0.10533607751131058,0.0,0.011095689,247.35999999999996,1.0
259,C1CCC(C[C@@H]2CCCOC2)CC1,[C@H]([C@@H]1CCC[C@H](C)C1)([NH2+]C)[C@@H]1CCCOC1,0.10533608,0.10533607751131058,0.0,0.011095689,226.38399999999996,1.0
259,c1ccc(Cn2cccc2)cc1,c1n(Cc2c(C[NH2+]C)cccc2)ccc1,0.10533608,0.10533607751131058,0.0,0.011095689,201.29300000000003,1.0
274,O=S(=O)([N-]c1cccnc1)c1ccccc1,c1ccc(C([O-])=O)cc1S([N-]c1cccnc1C)(=O)=O,0.10533608,0.10533607751131058,0.0,0.011095689,290.3,1.0
274,O=C(NC[C@@H]1CC[NH2+]C1)c1ccccc1,C(c1ccccc1Cl)(N(C)C[C@@H]1CC[NH2+]C1)=O,0.10533608,0.10533607751131058,0.0,0.011095689,253.75299999999996,1.0
274,O=C(Cc1cccs1)c1ccccc1,c1(C(=O)[C@@H](c2sc(C)cc2)C#N)ccc(S(=O)(=O)N)cc1,0.10533608,0.10533607751131058,0.0,0.011095689,320.3950000000001,1.0
274,O=C(NC1CCCCC1)c1ccccc1,C1CC(NC(c2cc(F)ccc2)=O)CCC1C[NH3+],0.10533608,0.10533607751131058,0.0,0.011095689,251.325,1.0
274,C1CCN2CCC[C@@H]2C1,[C@@H]12N(CCC1)CCC[C@@H]2C(N)=O,0.10533608,0.10533607751131058,0.0,0.011095689,168.23999999999998,1.0
274,c1ccc(Cn2cccc2)cc1,Cc1ccccc1Cn1cccc1C([O-])=O,0.10533608,0.10533607751131058,0.0,0.011095689,214.244,1.0
274,c1ccc(NC[C@@H]2CC[NH2+]C2)nc1,c1(N(C)C[C@H]2C[NH2+]CC2)ncccc1Cl,0.10533608,0.10533607751131058,0.0,0.011095689,226.73100000000002,1.0
274,O=C(CN1CCOCC1)Nc1ccccc1,C([C@@H](N1C[C@@H](C)OCC1)C)(Nc1ccc(Cl)cc1)=O,0.10533608,0.10533607751131058,0.0,0.011095689,282.771,1.0
274,c1ccc(CCCNc2ccccc2)cc1,C(CN(C)c1cc(C)ccc1)[C@@H]([NH+](C)C)c1cccc(OC)c1,0.10533608,0.10533607751131058,0.0,0.011095689,313.4650000000001,1.0
274,O=C(C[NH+]1CCSCC1)Nc1cccn1Cc1ccccc1,c1c(Cn2cccc2NC(=O)C[NH+]2CCSCC2)cccc1,0.10533608,0.10533607751131058,0.0,0.011095689,316.45,1.0
274,c1ccc(N2CCCCC2)cc1,c1c(C(N)=O)cccc1N1CCC(C[NH2+]C(C)C)CC1,0.10533608,0.10533607751131058,0.0,0.011095689,276.404,1.0
274,c1ccc(N2CCOCC2)cc1,c1c(C(=O)NC)cccc1N1CCOCC1,0.10533608,0.10533607751131058,0.0,0.011095689,220.2719999999999,1.0
274,c1ccccc1,c1cccc([C@H](CN([C@H](C(=O)N)C)C)C[NH3+])c1,0.10533608,0.0,0.0,0.011095689,236.33899999999997,1.0
274,C1CC2CCCN2C1,C([C@@H]1CN2CCC[C@H]2C1)([O-])=O,0.18204619,0.18204618990421295,16.166666,0.033140816,154.189,1.0
274,O=S(=O)(NC1CCCCC1)c1ccccc1,[C@H]1(C)[C@H](NS(=O)(=O)c2ccc(C([O-])=O)cc2)CCCC1,0.10533608,0.10533607751131058,0.0,0.011095689,296.3680000000001,1.0
287,c1ccc(C[NH2+]C2CCCCC2)cc1,COc1c(OC)cccc1[C@@H]([NH+]([C@H]1CC[C@@H](C)C[C@H]1CC)C)C,0.10533608,0.10533607751131058,0.0,0.011095689,320.49700000000007,1.0
287,O=S(=O)(Nc1ccccc1)c1ccccc1,c1c(C([O-])=O)cccc1S(=O)(=O)Nc1c(C)cccc1C,0.10533608,0.10533607751131058,0.0,0.011095689,304.34700000000004,1.0
287,C1CC[C@H]2CCCC[C@@H]2C1,[C@H]12[C@@H](CCCC1)CC[C@H](C(=O)[O-])C2,0.10533608,0.10533607751131058,0.0,0.011095689,181.25499999999997,1.0
287,c1ncc2ccc3sccc3c2n1,c12c(ccc3c(SC)ncnc13)sc(C(=O)[O-])c2,0.10533608,0.10533607751131058,0.0,0.011095689,275.334,1.0
287,O=C(NC[C@@H]1CC[NH2+]C1)C(=O)Nc1ccccc1,C(Nc1ccc(C)cc1C)(=O)C(NC[C@@H]1CC[NH2+]C1)=O,0.10533608,0.10533607751131058,0.0,0.011095689,276.36,1.0
287,C1=C[C@H](NC[C@@H]2CC[NH2+]C2)CCC1,[C@@H]1(CN([C@@H]2CCCC=C2)C)CC[NH2+]C1,0.10533608,0.10533607751131058,0.0,0.011095689,195.32999999999996,1.0
287,O=C(c1ccccc1)N1CCCC1,C(C1CN(C(=O)c2ccc(F)cc2)CC1)(=O)[O-],0.10533608,0.10533607751131058,0.0,0.011095689,236.22199999999992,1.0
287,C1=Nc2ccccc2[C@H]1[NH2+]CC1CNCCO1,O1CCN(C(=O)C)C[C@]1(O)C[NH2+][C@@H]1c2c(cccc2)N=C1O,0.10533608,0.10533607751131058,0.0,0.011095689,306.342,1.0
287,C1CC[C@H]2CCCC[C@@H]2C1,C1[C@@H]2[C@H](C[C@H](C([O-])=O)CC2)CCC1,0.10533608,0.10533607751131058,0.0,0.011095689,181.25499999999994,1.0
287,c1ncc(N2CC[NH2+]CC2)s1,Cc1sc(N2CC[NH2+]CC2)cn1,0.10533608,0.10533607751131058,0.0,0.011095689,184.28799999999998,1.0
287,C1=CC(N2CC[NH2+]CC2)C=C1,C1=C[C@@H](N2CC[NH2+]CC2)C=C1,0.10533608,0.10533607751131058,0.0,0.011095689,151.23300000000003,1.0
287,c1ccc(Cn2cccc2)nc1,C[NH2+]Cc1n(Cc2ncccc2)ccc1,0.10533608,0.10533607751131058,0.0,0.011095689,202.28100000000003,1.0
287,C1CCN2CCC[C@@H]2C1,Cl[C@@H]1C[C@H](C([O-])=O)CN2CCC[C@H]12,0.18717834,0.1871783435344696,17.0,0.035035733,202.66099999999994,1.0
302,C1CC2CCCN2C1,[O-]C(=O)[C@@H](C)[C@H]1CN2CCC[C@@H]2C1,0.26982686,0.26982685923576355,28.166666,0.07280653,182.24299999999997,1.0
302,O=C(Cc1nc2ccccc2s1)NCc1cccs1,C(N[C@](C)(c1sc(C)cc1)C#N)([C@@H](C#N)c1sc2ccccc2n1)=O,0.10533608,0.10533607751131058,0.0,0.011095689,366.4710000000001,1.0
302,c1ccc(C[NH2+]CCOc2ccccc2)cc1,c1cc(OCC[NH2+]Cc2ccc(F)c(F)c2)ccc1F,0.10533608,0.10533607751131058,0.0,0.011095689,282.285,1.0
302,C1=C[C@H](c2cccs2)N=N1,c1sc([C@H]2C=C(C)N=N2)cc1,0.10533608,0.10533607751131058,0.0,0.011095689,164.23299999999998,1.0
302,c1ccc(O[C@H]2CC[NH2+]C2)cc1,[NH2+]1CC[C@H](Oc2c(C)cccc2C)C1,0.10533608,0.10533607751131058,0.0,0.011095689,192.28199999999998,1.0
302,O=C(NC[C@@H]1CC[NH2+]C1)c1cccnc1,c1nc(Cl)c(C(NC[C@@H]2CC[NH2+]C2)=O)cc1,0.10533608,0.10533607751131058,0.0,0.011095689,240.71399999999997,1.0
302,O=C(NCCn1cc[nH+]c1)c1cnn(-c2cccnc2)c1,C[C@@H](Cn1cc[nH+]c1)NC(=O)c1cnn(-c2cnccc2)c1C,0.10533608,0.10533607751131058,0.0,0.011095689,311.369,1.0
302,c1csc(CN2CC[NH2+]CC2)c1,C(c1sccc1)N1CC[NH2+]CC1,0.10533608,0.10533607751131058,0.0,0.011095689,183.29999999999995,1.0
302,c1ncc(C[C@@H]2CCCOC2)[nH]1,[C@@H]([C@@H]1CCCOC1)([NH2+]C)c1n(C)cnc1,0.10533608,0.10533607751131058,0.0,0.011095689,210.30100000000002,1.0
302,O=C(Nc1ccc([N-]S(=O)(=O)c2ccccc2)cc1)c1cccnc1,c1c(NC(=O)c2cccnc2Cl)ccc([N-]S(=O)(=O)c2ccc(C([O-])=O)cc2)c1,3.5097991e-09,3.50979911800664e-09,0.0,0.011095689,429.8410000000002,1.110223e-15
302,c1ccsc1,C[C@@H](C[NH+](Cc1sc(C)cc1)C)[C@H](C)C(=O)[O-],0.10533608,0.10533607751131058,0.0,0.011095689,255.38299999999998,1.0
302,C1CC[C@@H]2[C@@H](C1)CCC[C@@H]1CCCN12,C1(C([O-])=O)CN2[C@@H]3CCCC[C@H]3CCC[C@@H]2C1,0.14965166,0.1496516615152359,10.333333,0.022395622,236.33499999999995,1.0
302,c1ccc(COC2CC[NH2+]CC2)cc1,[C@@H]1(C)[C@H](OCc2cc(Br)ccc2)CC[NH2+]C1,0.10533608,0.10533607751131058,0.0,0.011095689,285.20500000000004,1.0
302,c1cncc(Cn2cccc2)c1,c1ccncc1Cn1c(C[NH2+]C)ccc1,0.10533608,0.10533607751131058,0.0,0.011095689,202.28099999999998,1.0
302,O=C(N[C@H]1CC[NH2+]C1)N1CCOCC1,CC1(C)OCCN(C(=O)N[C@H]2CC[NH2+]C2)C1,0.10533608,0.10533607751131058,0.0,0.011095689,228.31599999999997,1.0
314,C1CCN2CCC[C@@H]2C1,C1C[C@H]2CCCN2C[C@@H]1C(=O)[O-],0.16463901,0.16463901102542877,13.166667,0.027106006,168.216,1.0
314,c1csc([C@H]2CCCCN2)c1,[C@@H]1(c2sccc2)N(C([C@H](C[NH3+])CC(=O)N)=O)CCCC1,0.10533608,0.10533607751131058,0.0,0.011095689,296.41600000000005,1.0
314,c1ccc(OCCN[C@@H]2CC[NH2+]C2)cc1,C(c1ccc(OCCN[C@@H]2CC[NH2+]C2)cc1)([O-])=O,0.10533608,0.10533607751131058,0.0,0.011095689,250.29799999999997,1.0
314,O=S(=O)(Nc1cccs1)c1ccccc1,c1(C)csc(NS(=O)(=O)c2ccc(C([O-])=O)cc2F)c1,0.10533608,0.10533607751131058,0.0,0.011095689,314.339,1.0
314,O=S(=O)(NC1CCCC1)c1ccccc1,O=C([O-])c1ccc(S(=O)(=O)N[C@H]2CCCC2(C)C)cc1,0.10533608,0.10533607751131058,0.0,0.011095689,296.36799999999994,1.0
314,C1CCN2CCC[C@@H]2C1,N(C(=O)[C@H]1CN2[C@@H](C[C@H]1C([O-])=O)CCC2)C,0.10533608,0.10533607751131058,0.0,0.011095689,225.26799999999994,1.0
314,O=C(CSc1ccccc1)NCC1CCN(c2cc[nH+]cc2)CC1,Cc1cc(C)ccc1SCC(NCC1CCN(c2cc[nH+]cc2)CC1)=O,0.10533608,0.10533607751131058,0.0,0.011095689,370.5420000000001,1.0
314,c1csc(CCC2CC[NH2+]CC2)c1,c1cc(Cl)sc1[C@@H](C([O-])=O)CC1CC[NH2+]CC1,0.10533608,0.10533607751131058,0.0,0.011095689,273.785,1.0
314,c1ccc(N2CC[NH2+]CC2)nc1,Cc1cccnc1N1CC[NH2+]CC1,0.10533608,0.10533607751131058,0.0,0.011095689,178.259,1.0
314,c1ccc(CN(C[C@@H]2CC[NH2+]C2)C[C@@H]2CC[NH2+]C2)[nH+]c1,C([C@H]1C[NH2+]CC1)N(Cc1[nH+]cccc1)C[C@@H]1CC[NH2+]C1,0.10533608,0.10533607751131058,0.0,0.011095689,277.43600000000004,1.0
314,C1CCCCC1,O[C@H]([C@H]1C[C@H](CC)CCC1)C#CC[NH+](C)C,0.10533608,0.10533607751131058,0.0,0.011095689,224.36799999999997,1.0
314,O=S(=O)(NC1CCCC1)c1ccccc1,C[C@H]1CCC[C@H]1NS(=O)(=O)c1ccc(C(=O)[O-])cc1,0.10533608,0.10533607751131058,0.0,0.011095689,282.341,1.0
330,O=C(NCCn1cc[nH+]c1)C(=O)Nc1ccccc1,O=C(c1ccc(F)c(NC(C(=O)N[C@@H](Cn2c[nH+]cc2)C)=O)c1)[O-],0.10533608,0.10533607751131058,0.0,0.011095689,334.3070000000001,1.0
330,O=C(N[C@@H]1CC[NH2+]C1)c1cccnc1,n1cccc(C(N[C@@H]2CC[NH2+]C2)=O)c1,0.10533608,0.10533607751131058,0.0,0.011095689,192.24199999999996,1.0
330,O=C(CSc1ccccc1)NC[C@@H]1CC[NH2+]C1,c1(C)c(Br)ccc(C)c1SCC(NC[C@@H]1CC[NH2+]C1)=O,0.10533608,0.10533607751131058,0.0,0.011095689,358.3250000000002,1.0
330,c1ccccc1,[O-]C(=O)[C@@H](C)[C@@H](C)CN(C)C(Cc1cc(C)ccc1C)=O,0.10533608,0.0,0.0,0.011095689,290.38300000000004,1.0
330,c1cncc(-c2cc3ccccn3c2)c1,c1c(-c2cccnc2)cn2c1cccc2C([O-])=O,0.10533608,0.10533607751131058,0.0,0.011095689,237.23799999999997,1.0
330,c1ccc(CC2CCCCC2)cc1,c1cc([C@@H](C(=O)[O-])[C@H]2CCC[C@@H](CC)C2)ccc1,0.10533608,0.10533607751131058,0.0,0.011095689,245.34199999999996,1.0
330,O=S(=O)(NC1CCCC1)c1ccccc1,c1c(C(=O)[O-])ccc(S(=O)(N[C@@H]2CC[C@@H](C)C2)=O)c1,0.10533608,0.10533607751131058,0.0,0.011095689,282.34099999999995,1.0
330,c1ccc(-c2cccnc2)cc1,c1(C([O-])=O)cc(-c2cccnc2C)ccc1,0.10533608,0.10533607751131058,0.0,0.011095689,212.228,1.0
330,c1ccc([C@H]2C[C@H]3CCCN3C2)cc1,C1[C@H]2CCCN2C[C@H]1c1ccccc1,0.22823551,0.22823551297187805,23.0,0.05209145,187.28600000000003,1.0
330,C=C1C[C@H]2CCC[NH+]2C[C@H]1c1cccs1,C/C([O-])=C1\[C@H](c2ccc(Cl)s2)C[NH+]2CCC[C@@H]2C1,0.10533608,0.10533607751131058,0.0,0.011095689,283.824,1.0
330,O=C(CCCn1cc[nH+]c1)Nc1ccc(-c2cccnc2)cc1,C[C@H](CC(Nc1ccc(-c2cnccc2)cc1)=O)Cn1c[nH+]cc1,0.10533608,0.10533607751131058,0.0,0.011095689,321.404,1.0
330,C1CCCCC1,[O-]C([C@H]([C@@H]1CCC[C@H](C)C1)C)=O,0.10533608,0.10533607751131058,0.0,0.011095689,169.244,1.0
330,c1cc(CN2CCOCC2)cs1,c1([C@@H](N2CCOCC2)C([O-])=O)cscc1Br,0.10533608,0.10533607751131058,0.0,0.011095689,305.173,1.0
330,c1ccc(-c2ccccc2)cc1,c1(C([O-])=O)cccc(-c2cc(C(=O)[O-])ccc2)c1,0.10533608,0.10533607751131058,0.0,0.011095689,240.214,1.0
330,c1nnc(N2CCOCC2)s1,Nc1sc(N2CCOCC2)nn1,0.10533608,0.10533607751131058,0.0,0.011095689,186.23999999999998,1.0
330,c1ccc(N2CCOCC2)cc1,N1(c2c(Cl)cccc2C([O-])=O)CCOCC1,0.11277698,0.112776979804039,2.0,0.012718648,240.6659999999999,1.0
340,O=C(CN1CCOCC1)Nc1ccccc1-c1cccs1,c1(-c2ccccc2NC([C@@H](N2CCOCC2)C(=O)[O-])=O)sccc1,0.10533608,0.10533607751131058,0.0,0.011095689,345.4,1.0
340,C1CC[C@H]2CCCC[C@@H]2C1,C1C[C@H](C([O-])=O)C[C@H]2CCCC[C@H]12,0.10533608,0.10533607751131058,0.0,0.011095689,181.25499999999997,1.0
340,O=S(=O)([N-]c1ccnn1C1CC1)c1ccccc1,c1cc([N-]S(=O)(c2ccc(C([O-])=O)cc2)=O)n(C2CC2)n1,0.10533608,0.10533607751131058,0.0,0.011095689,305.31500000000005,1.0
340,O=C(NC[C@H]1CCC[NH+]1Cc1ccccc1)c1cccn1Cc1ccccc1,c1ccccc1Cn1c(C(NC[C@H]2C[C@H](O)C[NH+]2Cc2ccccc2)=O)ccc1,0.10533513,0.10533513128757477,0.0,0.011095689,390.5070000000001,0.99998206
340,c1ccc2sc(N3CCOCC3)nc2c1,c1(N2CCOCC2)sc2c(cccc2C([O-])=O)n1,0.10533608,0.10533607751131058,0.0,0.011095689,263.298,1.0
340,c1ccc(N2CCCOC2)nc1,C1OC[C@H](C(=O)[O-])CN1c1ncccc1,0.14965166,0.1496516615152359,10.333333,0.022395622,207.209,1.0
340,c1ccsc1,Brc1sc([C@H](C)C(=O)[O-])cc1,0.10533608,0.10533607751131058,0.0,0.011095689,234.094,1.0
340,c1ccc2c(c1)CC[C@@H]1CCCN21,C1[C@@H]2N(c3ccccc3CC2)C[C@H]1C([O-])=O,0.14305726,0.14305725693702698,9.0,0.02046538,216.2599999999999,1.0
340,C1CCNC1,CC(N1CC[C@@H](C([O-])=O)C1)=O,0.10533608,0.10533607751131058,0.0,0.011095689,156.16099999999997,1.0
340,O=C(CN1CCOCC1)N(Cc1ccccc1)CC1CC[NH2+]CC1,N1([C@H](C)C(N(CC2CC[NH2+]CC2)Cc2ccccc2)=O)CCOCC1,0.10533608,0.10533607751131058,0.0,0.011095689,346.4950000000002,1.0
353,C1CN2CCCN2C1,N12C[C@H](C(=O)[O-])CN1C[C@@H](O)C2,0.38477483,0.3847748339176178,39.666668,0.14805166,171.17600000000002,1.0
353,C1CC2CCCN2C1,O=C([O-])[C@@H]([C@H]1CN2[C@H](CCC2)C1)C,0.34127954,0.341279536485672,35.666668,0.11647172,182.24299999999997,1.0
353,C1COC[C@H](C[NH2+]C[C@H]2C[C@H]3CCCN3C2)C1,C1CC[C@@H]2C[C@H]([C@H]([NH2+]C[C@@H]3CCCOC3)C([O-])=O)CN12,0.10533608,0.10533607751131058,0.0,0.011095689,282.38399999999996,1.0
353,c1ccc([C@@H]2C[C@@H]3CCCN3C2)cc1,N12[C@@H](CCC1)C[C@@H](c1ccccc1)C2,0.33438864,0.3343886435031891,35.0,0.11181577,187.286,1.0
353,O=S(=O)(Cc1ccccc1)Nc1ccccc1,Clc1c(Cl)ccc(NS(Cc2ccccc2)(=O)=O)c1,0.10533608,0.10533607751131058,0.0,0.011095689,316.20900000000006,1.0
353,c1ccc([C@H]2CC[C@@H]3CCCN32)cc1,C([C@H]1C[C@H]2N([C@H]1c1ccccc1)CCC2)(=O)[O-],0.1935139,0.1935139000415802,18.0,0.03744763,230.28699999999995,1.0
353,C1CC2CCCN2C1,[C@@H]12C[C@@H](C(=O)[O-])CN1CCC2,0.5468296,0.5468295812606812,52.666668,0.29902261,154.189,1.0
353,O=C(NC[C@H]1CC[NH2+]C1)c1cccnc1,N(C(=O)c1cccnc1Cl)\C[C@@H]1C[NH2+]CC1,0.10533608,0.10533607751131058,0.0,0.011095689,240.7139999999999,1.0
353,c1ccc(N2CCCCC2)nc1,c1(N2CCC(C[NH2+]C(C)C)CC2)ncccc1,0.10533608,0.10533607751131058,0.0,0.011095689,234.367,1.0
353,c1ccc(N2CCOCC2)cc1,c1cc(C([O-])=O)cc(N2CCO[C@H](C)C2)c1,0.1134197,0.11341969668865204,2.1666667,0.012864028,220.24799999999993,1.0
353,c1ccc(CN2CCOCC2)cc1,c1cc(F)c([C@@H](C(=O)[O-])N2CCOCC2)cc1,0.13597146,0.13597145676612854,7.5,0.018488238,238.23799999999991,1.0
353,O=C(Nc1ccccc1)[C@@H]1CC[NH2+]C[C@@H](NS(=O)(=O)c2ccccc2)C1,[C@@H]1(C(Nc2ccc(F)cc2)=O)CC[NH2+]C[C@@H](NS(c2cccc(C([O-])=O)c2)(=O)=O)C1,0.0,0.0,0.0,0.011095689,435.4770000000002,0.0
353,O=C(CCc1cccs1)N1CCCC1,C1[C@@H](C([O-])=O)CN(C(=O)[C@H](Cc2cccs2)C)C1,0.10533608,0.10533607751131058,0.0,0.011095689,266.34200000000004,1.0
367,O=C(N[C@@H]1CCNC1)N1CCCC1,O=C(N[C@@H]1CCN(C(=O)OC(C)(C)C)C1)N1[C@H](C)CCC1,0.10533608,0.10533607751131058,0.0,0.011095689,297.3990000000001,1.0
367,c1ncn(C2CCCCC2)n1,c1ncn([C@H]2CCC[C@H](CC)C2)n1,0.10533608,0.10533607751131058,0.0,0.011095689,179.26699999999997,1.0
367,C1CN[C@H]2CCCN2C1,[C@@H]12N(CC(C([O-])=O)C1)C[C@@H](O)CN2,0.10533608,0.10533607751131058,0.0,0.011095689,185.203,1.0
367,C1CCN2CCCCC2C1,C1CC[C@@H]2CC[C@H](C([O-])=O)CN2C1,0.19566938,0.19566938281059265,18.333334,0.038286507,182.24299999999997,1.0
367,C1CN[C@@H]2CCCN2C1,[C@@H]12C[C@H](C(=O)[O-])CN1C[C@H](O)CN2,0.10533608,0.10533607751131058,0.0,0.011095689,185.20300000000003,1.0
367,C1CCCCC1,[C@@H]([C@H]1CCCC[C@H]1C)(O)C(=O)[O-],0.10533608,0.10533607751131058,0.0,0.011095689,171.21599999999998,1.0
367,C1COCCN1,C[C@H](C(OC)=O)CN1CCOCC1,0.14145264,0.1414526402950287,8.666667,0.02000885,187.23899999999995,1.0
367,c1ccc([C@@H]2C[C@H]3CCCN3C2)cc1,[C@@H]1(c2ccccc2)C[C@@H]2N(CCC2)C1,0.35358828,0.3535882830619812,36.833332,0.12502468,187.28599999999992,1.0
367,O=C(NC[C@H]1CC[NH2+]C1)N1CCOCC1,O1CCN(C(NC[C@H]2CC[NH2+]C2)=O)CC1(C)C,0.10533608,0.10533607751131058,0.0,0.011095689,242.34299999999993,1.0
367,C1C[C@H]2CCC[C@@H]2C1,C1CC[C@@H]2C[C@@H]([C@@H](C)C([O-])=O)C[C@@H]12,0.10533608,0.10533607751131058,0.0,0.011095689,181.25499999999997,1.0
367,c1csc(CC[C@@H]2CCCOC2)c1,[C@@H]1([C@H](C(c2ccc(Br)s2)(C)C)C)CCCOC1,0.10533608,0.10533607751131058,0.0,0.011095689,317.29200000000014,1.0
367,c1ccc(O[C@H]2CC[NH2+]C2)cc1,[NH2+]1CC[C@H](Oc2ccc(Cl)cc2)C1,0.10533608,0.10533607751131058,0.0,0.011095689,198.67299999999997,1.0
367,C1CN2CCCN2C1,N12C[C@H](C([O-])=O)CN1C[C@H](O)C2,0.13674179,0.1367417871952057,7.6666665,0.018698318,171.17600000000002,1.0
367,c1ccc(C[C@H]2C[C@@H]3CCCN3C2)cc1,c1cccc([C@H](C)[C@@H]2CN3[C@@H](CCC3)C2)c1,0.24362049,0.24362048506736755,25.0,0.05935094,215.33999999999995,1.0
381,c1cn(CC[C@H]2C[C@H]3CCCN3C2)c[nH+]1,c1[nH+]ccn1C[C@H]([C@H]1C[C@@H]2N(C1)CCC2)C,0.10533608,0.10533607751131058,0.0,0.011095689,220.33999999999995,1.0
381,C1CNCOC1,[C@H]1(C(=O)[O-])COCN(C(C)=O)C1,0.10533608,0.10533607751131058,0.0,0.011095689,172.16,1.0
381,C1CCCCC1,[C@H]1(S(=O)(=O)C)CCC[C@@H](C(=O)[O-])C1,0.10533608,0.10533607751131058,0.0,0.011095689,205.25499999999997,1.0
381,O=C(CN1CCOCC1)Nc1ccccc1,C1N([C@H](C)C(=O)Nc2c(C)cc(OC)cc2)CCOC1,0.10533608,0.10533607751131058,0.0,0.011095689,278.35200000000003,1.0
381,C1CCOC1,[O-]C(=O)[C@@H]([C@@H]1CCOC1)C,0.10533608,0.10533607751131058,0.0,0.011095689,143.16199999999998,1.0
381,O=C(NCCn1cc[nH+]c1)c1ccnc(N2CCOCC2)c1,c1c(N2CCOCC2)nccc1C(=O)N[C@@H](C)Cn1cc[nH+]c1,0.10533608,0.10533607751131058,0.0,0.011095689,316.385,1.0
381,C1CC[C@H]2CCC[C@H]2C1,C1[C@@H]([C@H](C(=O)OC)C)C[C@H]2CCCC[C@@H]12,0.10533608,0.10533607751131058,0.0,0.011095689,210.31699999999992,1.0
381,C1=CCCCC1,[C@H]1(C([O-])=O)CC=CCC1,0.10533608,0.10533607751131058,0.0,0.011095689,125.14699999999999,1.0
381,C1COC[C@@H](CN2CCN3CCCC32)C1,Cl[C@H]1N2C[C@H](O)N(C[C@@H]3COCCC3)C2CC1,0.10533608,0.10533607751131058,0.0,0.011095689,260.76499999999993,1.0
381,O=S(=O)(NC1CCCC1)c1ccccc1,c1(C([O-])=O)ccc(S(=O)(=O)N[C@@H]2[C@H](C)CCC2)cc1,0.10533608,0.10533607751131058,0.0,0.011095689,282.341,1.0
381,C1C[C@H]2CCC[C@H]2C1,[C@H]12[C@@H](CCC2)CC[C@H]1C(=O)[O-],0.10533608,0.10533607751131058,0.0,0.011095689,153.201,1.0
381,C1CCC(C[C@H]2CCCOC2)CC1,[C@@H]1([C@H](O)[C@@H]2CCCC[C@@H]2CC)COCCC1,0.10533608,0.10533607751131058,0.0,0.011095689,226.35999999999993,1.0
381,C1C[C@@H]2C[C@@H](CCN3CCOCC3)CN2C1,C1N2CCC[C@@H]2C[C@H]1[C@H]([C@H](C(=O)[O-])N1CCOCC1)C,0.10533608,0.10533607751131058,0.0,0.011095689,281.376,1.0
381,O=C(CCn1cc[nH+]c1)N1CCOCC1,C1CN(C(=O)[C@H](C)Cn2cc[nH+]c2)CC(C)(C)O1,0.10533608,0.10533607751131058,0.0,0.011095689,252.338,1.0
394,O=S(=O)(NC1CCCCC1)c1ccccc1,c1c(C(=O)[O-])ccc(S(=O)(N[C@H]2CCCC[C@H]2C)=O)c1,0.10533608,0.10533607751131058,0.0,0.011095689,296.368,1.0
394,c1ccccc1,c1(OC)cccc([C@@H](C)C(=O)[O-])c1,0.10533608,0.0,0.0,0.011095689,179.19499999999996,1.0
394,C1CCN2CCCN2CC1,O[C@H]1[C@H](O)CN2N(C[C@H](C([O-])=O)C2)CC1,0.17121401,0.1712140142917633,14.333333,0.02931424,215.22899999999998,1.0
394,C1CC2CCCN2C1,[C@@H]1(C(=O)[O-])C[C@H]2C[C@H](C([O-])=O)CN2C1,0.15391949,0.15391948819160461,11.166667,0.023691209,197.18999999999997,1.0
394,c1csc([C@@H]2C[C@H]3CCCN3C2)c1,C1[C@@H](c2sccc2)CN2CCC[C@H]12,0.39813015,0.3981301486492157,40.833332,0.15850762,193.31499999999994,1.0
394,c1ccc([C@H]2C[C@@H]3CCCN3C2)cc1,[C@H]1(c2ccccc2)C[C@@H]2CCCN2C1,0.34651598,0.3465159833431244,36.166668,0.12007332,187.28599999999994,1.0
394,C1CC2CCCN2C1,[O-]C(=O)[C@@H](C)[C@H]1C[C@@H]2CCCN2C1,0.18408315,0.18408314883708954,16.5,0.033886608,182.24299999999997,1.0
394,c1ccc([C@H]2C[C@H]3CCCN3C2)cc1,O=C([O-])[C@H]1[C@@H](c2ccccc2)C[C@H]2CCCN12,0.13751632,0.1375163197517395,7.8333335,0.01891074,230.28699999999995,1.0
394,C1CCCC1,C([O-])(=O)[C@@H]1C[C@@H](C(=O)[O-])CC1,0.10533608,0.10533607751131058,0.0,0.011095689,156.13699999999997,1.0
394,c1ccc(C2CC3=C(CCC3)C2)cc1,c1cc([C@@H]2CC3=C(CCC3)C2)ccc1,0.10533608,0.10533607751131058,0.0,0.011095689,184.28199999999998,1.0
394,c1csc(CN2CC[NH2+]CC2)c1,c1([C@H](C)N2CC[NH2+]CC2)ccc(Cl)s1,0.10533608,0.10533607751131058,0.0,0.011095689,231.77200000000005,1.0
394,O=C(CN1CCOCC1)Nc1ccccc1,C(C(Nc1cc(Cl)ccc1F)=O)N1CCOCC1,0.10533608,0.10533607751131058,0.0,0.011095689,272.707,1.0
394,C1CC2CCCN2C1,C1[C@@H](C([O-])=O)CN2CCC[C@@H]12,0.21846446,0.2184644639492035,21.666666,0.04772672,154.189,1.0
404,c1ccc(N2CCOCC2)cc1,C(c1ccc(N2CCOCC2)cc1)(=O)[O-],0.12349875,0.12349875271320343,4.6666665,0.015251941,206.221,1.0
404,C1C[C@H]2CCC[C@H]2C1,[C@@H]1([C@H](C(=O)[O-])C)[C@H]2[C@H](CCC2)CC1,0.10533608,0.10533607751131058,0.0,0.011095689,181.25499999999994,1.0
404,c1csc(C[C@@H]2C[C@@H]3CCCN3C2)c1,C1[C@H]([C@@H](O)c2sc(Br)cc2)C[C@@H]2CCCN12,0.10533608,0.10533607751131058,0.0,0.011095689,302.23700000000014,1.0
404,C1=Nc2c(cnn2C2CCCC2)C1,OC1=Nc2c(cnn2C2C[C@@H](C([O-])=O)CC2)C1,0.10533608,0.10533607751131058,0.0,0.011095689,234.23499999999993,1.0
404,c1cncc(N2CCCC2)c1,c1c(N2C[C@@H](C([O-])=O)C[C@@H]2C)cccn1,0.13907807,0.1390780657529831,8.166667,0.019342707,205.23700000000002,1.0
404,C1=CN2CCC[C@@H]12,[O-]C([C@@H]1C[C@@H]2N(C=C2)[C@@H]1C([O-])=O)=O,0.11668715,0.11668714880943298,3.0,0.013615891,181.14699999999996,1.0
404,c1ccc(N2CCOCC2)cc1,C[C@@H]1OCCN(c2cc(C([O-])=O)ccc2)C1,0.12349875,0.12349875271320343,4.6666665,0.015251941,220.248,1.0
404,c1ccc(-c2ccccn2)cc1,c1(Cl)c(-c2ncccc2)ccc(C(=O)[O-])c1,0.10533608,0.10533607751131058,0.0,0.011095689,232.646,1.0
404,c1csc([C@H]2C[C@H]3CCCN3C2)c1,[C@@H]1(c2cccs2)CN2[C@H](CCC2)C1,0.39237085,0.3923708498477936,40.333332,0.1539549,193.31499999999997,1.0
404,c1ccc([C@@H]2C[C@@H]3CCCCN3C2)cc1,O[C@H]1CN2C[C@H](c3ccccc3)C[C@@H]2CC1,0.26838994,0.2683899402618408,28.0,0.07203316,217.31199999999995,1.0
415,c1ccc([C@@H]2CCC[C@H]3CCCCN32)cc1,C1CCCN2[C@H]1CC[C@@H](O)[C@H]2c1ccccc1,0.18204619,0.18204618990421295,16.166666,0.033140816,231.33900000000003,1.0
415,c1ccc([C@H]2C[C@@H]3CCC[NH+]3C2)cc1,[NH+]12CCC[C@H]1C[C@H](c1ccccc1)C2,0.10533608,0.10533607751131058,0.0,0.011095689,188.29399999999998,1.0
415,c1ccc(CN2CCCC2)cc1,C(c1ccccc1C)N1[C@@H](C)[C@@H](C([O-])=O)CC1,0.16189472,0.16189472377300262,12.666667,0.0262099,232.30299999999997,1.0
415,c1ccc(C[C@H]2CCCOC2)nc1,c1cccnc1[C@@H]([C@@H]1COCCC1)C,0.10533608,0.10533607751131058,0.0,0.011095689,191.27399999999994,1.0
415,C1CC2CCCN2C1,[O-]C([C@@H]1C[C@@H]2C[C@H](C([O-])=O)CN2C1)=O,0.19458888,0.0,18.166666,0.037864834,197.18999999999997,1.0
415,c1cc([C@H]2C[C@@H]3CCCN3C2)cs1,s1cc([C@@H]2CN3CCC[C@H]3C2)cc1,0.5009161,0.5009161233901978,49.166668,0.25091696,193.315,1.0
415,c1ccc([C@@H]2CN3CC[NH+]2CC3)cc1,[NH+]12CCN(C[C@H]1c1ccccc1)CC2,0.10533608,0.10533607751131058,0.0,0.011095689,189.28199999999995,1.0
415,c1csc(CNc2cn[nH]c2)c1,[O-]C(=O)Cn1cc(N[C@H](c2cc(F)cs2)C)cn1,0.10533608,0.10533607751131058,0.0,0.011095689,268.29299999999995,1.0
415,O=C(Nc1ccccc1)C(=O)c1cccs1,Cc1c(NC(C(c2ccc(Cl)s2)=O)=O)cc(Cl)cc1,0.10533608,0.10533607751131058,0.0,0.011095689,314.193,1.0
415,O=C(N[C@@H]1COCC[C@H](c2ccccc2)C1)C1CCCC1,C1OCC[C@H](c2ccccc2)C[C@@H]1NC(=O)C1CCCC1,0.10533608,0.10533607751131058,0.0,0.011095689,287.4030000000001,1.0
415,c1csc([C@@H]2C[C@@H]3CCCN3C2)c1,C1[C@@H]2CCCN2C[C@@H]1c1sc(Cl)cc1,0.36257276,0.3625727593898773,37.666668,0.13145901,227.76,1.0
425,c1ncc(C[NH2+][C@H]2CCN3CC[C@@H]2C3)[nH]1,[C@@H]12CCN(C1)[C@H](O)C[C@@H]2[NH2+]Cc1cncn1C,0.10533608,0.10533607751131058,0.0,0.011095689,237.32699999999997,1.0
425,c1cc([C@H]2C[C@@H]3CCCCN3C2)cs1,c1([C@H]2C[C@@H]3CCCCN3C2)cscc1,0.40589058,0.4058905839920044,41.5,0.16474716,207.34200000000004,1.0
425,C1CCCCC1,CC(C)([C@H]1CCC[C@@H](C(=O)[O-])C1)C,0.10533608,0.10533607751131058,0.0,0.011095689,183.271,1.0
425,c1ccc(C2CC[C@@H]3CCCN3C2)cc1,N12[C@H](CC[C@@](O)(c3ccccc3)C1)CCC2,0.39620453,0.39620453119277954,40.666668,0.15697804,217.31199999999993,1.0
425,c1csc([C@H]2C[C@@H]3CCCN3C2)c1,[C@@H]12CCCN1C[C@@H](c1cccs1)C2,0.6307471,0.6307470798492432,59.0,0.3978419,193.315,1.0
425,c1ccc([C@@H]2CC[C@H]3CCCN32)cc1,C1[C@@H](c2ccccc2F)N2CCC[C@@H]2C1,0.2999368,0.29993680119514465,31.5,0.08996208,205.27599999999993,1.0
425,c1ccc(C2CN3CCCN3C2)nc1,c1ccc([C@H]2CN3N(CCC3)C2)nc1,0.24494277,0.244942769408226,25.166666,0.05999696,189.26199999999997,1.0
425,c1csc([C@@H]2C[C@H]3CCCN3C2)c1,C1CCN2C[C@H](c3sc(Cl)cc3)C[C@@H]12,0.5578767,0.557876706123352,53.5,0.31122643,227.76,1.0
425,c1ccc(CN2CCC2)cc1,c1c(OC)ccc(CN2CCC2)c1OC,0.10533608,0.10533607751131058,0.0,0.011095689,207.27299999999994,1.0
425,C1=C[C@H]2CCCN2[C@@H]2CCCC[C@@H]12,C1=C[C@@H]2CCCC[C@H]2N2[C@@H]1CCC2,0.1664929,0.16649289429187775,13.5,0.027719883,177.29099999999997,1.0
436,c1csc(C2=NOCC2)c1,C1C(c2sccc2)=NOC1,0.10533608,0.10533607751131058,0.0,0.011095689,153.20599999999996,1.0
436,c1cc([C@@H]2C[C@H]3CCCN3C2)cs1,c1cscc1[C@H]1CN2CCC[C@@H]2C1,0.41177067,0.41177067160606384,42.0,0.16955508,193.31499999999994,1.0
436,c1ccc(C2C[C@@H]3CCCN3C2)cc1,N12[C@H](C[C@](c3ccccc3)(O)C1)CCC2,0.1674272,0.167427197098732,13.666667,0.028031867,203.2849999999999,1.0
436,c1cc([C@H]2C[C@H]3CCCN3C2)cs1,c1c([C@H]2C[C@@H]3N(C2)CCC3)csc1,0.26130214,0.2613021433353424,27.166666,0.06827881,193.31500000000003,1.0
436,O=C(CC[C@@H](c1ccccc1)C1CCCCC1)N1CC[NH2+]CC1,C[C@H]1[C@@H]([C@H](c2ccccc2F)CCC(N2CC[NH2+]CC2)=O)CCCC1,0.10533608,0.10533607751131058,0.0,0.011095689,347.49800000000016,1.0
436,c1ccc(N2CCCC2)cc1,c1c(N2[C@@H](C)CCC2)cc(C(=O)[O-])cc1,0.12004606,0.12004605680704117,3.8333333,0.014411056,204.249,1.0
436,c1ccc([C@H]2C[C@H]3CCCCN3C2)cc1,N12[C@H](CC[C@H](O)C1)C[C@H](c1ccccc1)C2,0.17704536,0.17704536020755768,15.333333,0.03134506,217.31199999999998,1.0
436,O=C(CN1CCOCC1)NC1CCCC1,C(NC1CCCC1)(=O)[C@H](C)N1CCOCC1,0.10533608,0.10533607751131058,0.0,0.011095689,226.31999999999994,1.0
436,C1C[C@@H]2NCN2C1,C1C[C@@H]2N([C@@H](C)CC([O-])=O)CN2C1,0.13829508,0.13829508423805237,8.0,0.019125529,183.23099999999997,1.0
436,c1cc([C@@H]2C[C@@H]3CCCN3C2)co1,C1CCN2[C@@H]1C[C@@H](c1ccoc1)C2,0.33954704,0.3395470380783081,35.5,0.115292184,177.24699999999996,1.0
436,C(CN1C[C@H]2CCCN21)=C1CCCCC1,C([C@H]1[C@H](C)CN2N([C@H](O)C=C3CCCCC3)C[C@@H]12)([O-])=O,0.10533608,0.10533607751131058,0.0,0.011095689,279.35999999999996,1.0
442,c1csc([C@@H]2C[C@@H]3CCCN3C2)c1,[C@H]1(c2cc(F)cs2)CN2[C@@H](CCC2)C1,0.4773587,0.47735869884490967,47.333332,0.22787131,211.30499999999995,1.0
442,c1csc([C@@H]2C[C@@H]3CCCN3C2)c1,N12[C@H](C[C@@H](c3sccc3)C1)CCC2,0.619787,0.6197869777679443,58.166668,0.3841359,193.31499999999994,1.0
442,c1ccc([C@@H]2C[C@H]3CCCCN3C2)cc1,[C@@H]1(c2ccccc2)C[C@@H]2N(CCCC2)C1,0.29525274,0.2952527403831482,31.0,0.087174185,201.3129999999999,1.0
442,c1cc([C@@H]2C[C@@H]3CCCN3C2)cs1,C1CCN2[C@@H]1C[C@@H](c1ccsc1)C2,0.58666813,0.5866681337356567,55.666668,0.3441795,193.31499999999997,1.0
442,c1ccc(C2CC[C@H]3CCCN3C2)cc1,c1cc([C@@]2(O)CC[C@H]3CCCN3C2)ccc1,0.33438864,0.3343886435031891,35.0,0.11181577,217.31199999999995,1.0
442,c1ccc([C@H]2C[C@H]3CCCCN3C2)cc1,c1([C@@H]2CN3[C@H](CCCC3)C2)ccccc1,0.22452648,0.22452647984027863,22.5,0.05041214,201.31300000000002,1.0
450,c1ccc(CC2=[NH+]CCN2)cc1,[C@H](c1ccccc1)(C)C1=[NH+]CCN1,0.10533608,0.10533607751131058,0.0,0.011095689,175.25499999999997,1.0
450,O=S(=O)(Nc1ccccc1)c1ccccc1,c1(C([O-])=O)ccc(S(=O)(=O)Nc2cc(Cl)ccc2C)cc1,0.10533608,0.10533607751131058,0.0,0.011095689,324.76500000000004,1.0
450,c1ccc(C2C[C@H]3CCCN3C2)cc1,c1ccccc1[C@]1(C(=O)[O-])C[C@@H]2N(CCC2)C1,0.13597146,0.13597145676612854,7.5,0.018488238,230.28699999999992,1.0
450,c1ccc([C@H]2C[C@H]3CCN3C2)cc1,[C@@H]12N(CC1)C[C@@H](c1ccccc1)C2,0.2000467,0.20004670321941376,19.0,0.04001868,173.259,1.0
450,c1ccc(C2CCC[C@H]3CCCCN23)cc1,C1C[C@H]2N(C(c3ccccc3)[C@@H](C(=O)[O-])CC2)CC1,0.10533608,0.10533607751131058,0.0,0.011095689,258.34099999999995,1.0
450,c1ccc([C@H]2C[C@@H]3CCCN3C2)nc1,c1ccc([C@H]2C[C@H]3N(C2)CCC3)nc1,0.27417654,0.27417653799057007,28.666666,0.075172774,188.27399999999997,1.0
450,c1ccc(C2CC[C@H]3CCCN3C2)cc1,c1cccc([C@@]2(O)CN3[C@H](CCC3)CC2)c1,0.18926856,0.189268559217453,17.333334,0.03582259,217.31199999999995,1.0
450,C1CC2CCCN2C1,[C@H]12N(CCC1)CCC2,0.68647605,0.0,63.333332,0.4712494,111.188,1.0
456,C1CCN2CCC[C@H]2C1,C1CN2[C@H](C(=O)[O-])CC[C@H]2C[C@H]1C(=O)[O-],0.14097464,0.14097464084625244,8.566667,0.019873848,211.21699999999998,1.0
456,c1csc([C@H]2C[C@H]3CCCN3C2)c1,C1[C@H](c2cc(F)cs2)CN2CCC[C@H]12,0.40589058,0.4058905839920044,41.5,0.16474716,211.30499999999995,1.0
456,c1cc([C@H]2C[C@H]3CCCCN3C2)cs1,C1CN2C[C@@H](c3ccsc3)C[C@H]2CC1,0.33885586,0.3388558626174927,35.433334,0.1148233,207.34199999999993,1.0
456,C1CC2CCCN2C1,O=C([C@@H]([C@H]1N2CCC[C@@H]2CC1)C)[O-],0.18531549,0.0,16.7,0.03434183,182.24299999999997,1.0
456,c1ccc([C@@H]2C[C@H]3CCN3C2)cc1,[C@@H]12C[C@@H](c3ccccc3)CN1CC2,0.2999368,0.29993680119514465,31.5,0.08996208,173.25899999999993,1.0
456,c1cc2c(s1)CCCN1CCCN21,[O-]C(=O)[C@H]1CN2C[C@@H](O)CN2c2c(scc2)C1,0.10533608,0.10533607751131058,0.0,0.011095689,253.303,1.0
458,c1csc([C@H]2C[C@H]3CCCN3C2)c1,Clc1sc([C@@H]2CN3[C@@H](C2)CCC3)cc1,0.27272016,0.2727201581001282,28.5,0.074376285,227.75999999999996,1.0
458,c1ccc([C@@H]2C[C@@H]3CCN3C2)cc1,c1ccc([C@@H]2C[C@@H]3CCN3C2)cc1F,0.1674272,0.167427197098732,13.666667,0.028031867,191.24899999999997,1.0
459,c1cc([C@H]2C[C@H]3CCCN3C3CCN3C2)cs1,[C@H]1(c2cscc2)C[C@@H]2N(CCC2)C2CCN2C1,0.19675538,0.19675537943840027,18.5,0.038712677,248.3949999999999,1.0
465,C(=C(c1cccs1)N1CCOCC1)c1ccccc1,c1c(/C(=C(/C(=O)[O-])c2ccccc2)N2CCOCC2)scc1Cl,0.10533608,0.10533607751131058,0.0,0.011095689,348.831,1.0
465,c1ccc([C@@H]2C[C@@H]3CCCN3C2)nc1,c1([C@H]2CN3[C@H](C2)CCC3)ncccc1,0.44189966,0.4418996572494507,44.5,0.1952753,188.274,1.0
465,c1csc([C@@H]2C[C@H]3CCN3C2)c1,[C@H]1(c2cccs2)CN2[C@@H](C1)CC2,0.37914106,0.37914106249809265,39.166668,0.14374796,179.28799999999998,1.0
465,c1ccc([C@@H]2C[C@H]3CCCN3C2)cc1,c1cc([C@@H]2C[C@H]3CCCN3C2)c(F)cc1,0.37727535,0.37727534770965576,39.0,0.14233668,205.27599999999998,1.0
465,c1csc([C@@H]2C[C@@H]3CCCCN3C2)c1,c1c([C@H]2CN3[C@@H](CCCC3)C2)scc1,0.26130214,0.2613021433353424,27.166666,0.06827881,207.34199999999998,1.0
465,c1csc([C@H]2C[C@@H]3CCN3C2)c1,C1N2C[C@@H](c3sccc3)C[C@@H]2C1,0.37914106,0.37914106249809265,39.166668,0.14374796,179.28799999999998,1.0
469,c1ccc([C@@H]2C[C@@H]3CCCN3C2)cc1,c1c(F)c([C@H]2CN3[C@@H](CCC3)C2)ccc1,0.25574747,0.2557474672794342,26.5,0.06540676,205.27599999999998,1.0
469,c1ccc([C@H]2C[C@@H]3CCCCN3C2)cc1,C1C[C@@H]2N(CC1)C[C@@H](c1ccccc1)C2,0.20678107,0.2067810744047165,20.0,0.042758413,201.31300000000002,1.0
469,c1csc([C@@H]2CC[C@@H]3CCCN3C2)c1,C1C[C@H]2N(C[C@@H]1c1sccc1)CCC2,0.3094832,0.30948320031166077,32.5,0.09577986,207.34199999999996,1.0
469,c1cncc([C@@H]2C[C@@H]3CCCN3C2)c1,N12C[C@H](c3cccnc3)C[C@@H]1CCC2,0.25029463,0.25029462575912476,25.833334,0.062647395,188.27399999999994,1.0
472,c1ccc([C@H]2C[C@@H]3CCN3C2)cc1,[C@H]12C[C@H](c3c(F)cccc3)CN1CC2,0.23326564,0.23326563835144043,23.666666,0.054412857,191.24899999999997,1.0
472,c1ccc([C@H]2C[C@@H]3CCCCN3C2)cc1,c1([C@H]2C[C@@H]3CC[C@@H](O)CN3C2)ccccc1,0.26130214,0.2613021433353424,27.166666,0.06827881,217.312,1.0
472,c1ccc([C@H]2C[C@@H]3CCCN3C2)cc1,C1[C@H](c2c(F)cccc2)CN2CCC[C@@H]12,0.21608113,0.21608112752437592,21.333334,0.046691056,205.27599999999993,1.0
475,c1csc([C@@H]2C[C@H]3CCCCN3C2)c1,Fc1csc([C@@H]2C[C@@H]3N(CCCC3)C2)c1,0.24760611,0.24760611355304718,25.5,0.06130879,225.33199999999994,1.0
475,c1ccc([C@H]2CC[C@H]3CCCCN32)cc1,C1[C@@H]2N(CCCC2)[C@@H](c2ccccc2)C1,0.16463901,0.16463901102542877,13.166667,0.027106006,201.31300000000002,1.0
475,c1ccc(C[C@H]2CCCS2)cc1,S1CCC[C@@H]1[C@H](c1ccccc1F)C,0.10533608,0.10533607751131058,0.0,0.011095689,210.31699999999998,1.0
476,c1ccc([C@H]2C[C@H]3CCC[NH+]3C2)cc1,c1ccccc1[C@H]1C[C@@H]2[NH+](CCC2)C1,0.10533608,0.10533607751131058,0.0,0.011095689,188.29399999999993,1.0
479,c1ccc([C@@H]2C[C@H]3CCCN3C2)nc1,C1C[C@H]2N(C1)C[C@H](c1ncccc1)C2,0.3110974,0.3110974133014679,32.666668,0.096781604,188.274,1.0
479,O=C(c1cccs1)N1CCCC1,C1[C@H](C(=O)[O-])CCN1C(=O)c1ccc(Cl)s1,0.10533608,0.10533607751131058,0.0,0.011095689,258.706,1.0
479,c1ccc([C@H]2C[C@H]3CCCN3C2)cc1,C1C[C@@H]2C[C@H](c3c(F)cccc3)CN2C1,0.23839363,0.0,24.333334,0.056831524,205.27599999999998,1.0
480,c1cc([C@@H]2C[C@H]3CCCCN3C2)cs1,c1sccc1[C@H]1CN2[C@H](CCCC2)C1,0.27858478,0.2785847783088684,29.166666,0.07760949,207.34199999999993,1.0
481,c1cc(C2C[C@@H]3CCCN3C2)cs1,C1CN2[C@H](CC(c3cscc3)C2)C1,0.2516483,0.25164830684661865,26.0,0.06332687,193.31499999999997,1.0
484,c1csc([C@@H]2C[C@@H]3CCN3C2)c1,c1ccsc1[C@H]1CN2[C@@H](CC2)C1,0.15653552,0.15653552114963531,11.666667,0.024503369,179.28799999999995,1.0
484,c1csc([C@H]2C[C@@H]3CCCCN3C2)c1,N12CCCC[C@H]1C[C@H](c1cccs1)C2,0.2999368,0.29993680119514465,31.5,0.08996208,207.342,1.0
484,c1csc(C2C[C@@H]3CCCN3C2)c1,c1c(C2C[C@@H]3CCCN3C2)scc1,0.23839363,0.238393634557724,24.333334,0.056831524,193.31500000000003,1.0
488,c1cc([C@@H]2C[C@@H]3CCCCN3C2)cs1,C1CC[C@@H]2N(C[C@H](c3cscc3)C2)C1,0.28455395,0.2845539450645447,29.833334,0.08097095,207.34199999999996,1.0
488,c1cncc([C@@H]2C[C@H]3CCCN3C2)c1,N12CCC[C@@H]1C[C@@H](c1cnccc1)C2,0.25300834,0.25300833582878113,26.166666,0.06401322,188.27399999999997,1.0
488,c1ccc([C@H]2C[C@H]3CCCN3C2)nc1,C1[C@@H](c2ccccn2)C[C@H]2CCCN12,0.19566938,0.19566938281059265,18.333334,0.038286507,188.27399999999997,1.0
488,c1cc([C@@H]2C[C@@H]3CCN3C2)cs1,C1N2C[C@H](c3ccsc3)C[C@@H]2C1,0.15049611,0.15049611032009125,10.5,0.022649078,179.28799999999998,1.0
489,c1cc([C@H]2CC[C@H]3CCCN3C2)cs1,c1sccc1[C@@H]1CN2CCC[C@@H]2CC1,0.22330217,0.22330217063426971,22.333334,0.049863856,207.34199999999993,1.0
491,c1cc([C@@H]2C[C@H]3CCCN3C2)c[nH]1,c1[nH]cc([C@H]2CN3CCC[C@@H]3C2)c1,0.20792337,0.20792336761951447,20.166666,0.043232124,176.26299999999998,1.0
491,c1cc([C@H]2C[C@H]3CCN3C2)cs1,C1N2C[C@@H](c3cscc3)C[C@H]2C1,0.13829508,0.13829508423805237,8.0,0.019125529,179.28799999999998,1.0
492,c1cc([C@H]2C[C@H]3CCCCN3C2)cs1,[C@H]12N(C[C@@H](c3ccsc3)C1)C[C@@H](O)CC2,0.45219475,0.4521947503089905,45.333332,0.20448008,223.34099999999995,1.0
497,c1cc([C@H]2C[C@H]3CCCCN3C2)cs1,c1c([C@H]2C[C@H]3CC[C@@H](O)CN3C2)csc1,0.43985504,0.43985503911972046,44.333332,0.19347246,223.34099999999998,1.0
497,c1ccc(N2C[C@H]3CCC[C@@H]32)cc1,[C@@H]12N(c3c(C(=O)[O-])cccc3)C[C@H]1CCC2,0.12849458,0.12849457561969757,5.8333335,0.016510855,216.25999999999993,1.0
497,c1csc([C@@H]2C[C@H]3CCCN(C3)C2)c1,C1N2C[C@H](c3cccs3)C[C@H]1CCC2,0.3078756,0.3078756034374237,32.333332,0.09478739,207.34199999999993,1.0
497,c1cc([C@@H]2C[C@H]3CCN3C2)cs1,C1C[C@@H]2C[C@@H](c3cscc3)CN12,0.27858478,0.2785847783088684,29.166666,0.07760949,179.28799999999998,1.0
497,c1cncc([C@@H]2C[C@@H]3CCCCN3C2)c1,[C@@H]12CCCCN1C[C@H](c1cnccc1)C2,0.27563944,0.27563944458961487,28.833334,0.07597711,202.30100000000002,1.0
499,c1ccc([C@@H]2C[C@H]3CCCCN3C2)cc1,[C@@H]1(c2ccccc2)C[C@H]2CC[C@@H](O)CN2C1,0.4480625,0.4480625092983246,45.0,0.20076,217.31199999999995,1.0
499,c1cc([C@H]2C[C@H]3CCCCN3C2)co1,N12C[C@@H](c3cocc3)C[C@H]1CCCC2,0.23073842,0.23073841631412506,23.333334,0.053240217,191.27399999999994,1.0
501,c1ccc(C2CC[C@@H]3CC23)cc1,[C@@H]12CC1[C@@](O)(c1ccccc1)CC2,0.10533608,0.10533607751131058,0.0,0.011095689,174.24299999999997,1.0
501,c1ccc([C@@H]2C[C@H]3CCCCN3C2)cc1,c1cc([C@@H]2C[C@H]3CC[C@H](O)CN3C2)ccc1,0.1637194,0.16371940076351166,13.0,0.026804043,217.31199999999998,1.0
